"GDP per capita, PPP (constant 2017 international $)",1990,1991,1992,1993,1994,1995,1996,1997,1998,1999,2000,2001,2002,2003,2004,2005,2006,2007,2008,2009,2010,2011,2012,2013,2014,2015,2016,2017,2018,2019,2020
1,1437.93,1315.74,1260.05,863.66,639.71,945.09,896.17,852,813.84,774.45,750.13,731.18,1189.78,1235.81,1200.28,1286.79,1315.79,1460.83,1484.11,1758.9,1957.03,1904.56,2075.49,2116.47,2102.38,2068.27,2057.07,2058.4,2033.8,2065.04,1970.56
2,4827.04,3496.38,3264.83,3598.82,3921.62,4471.61,4908.94,4400.32,4819.08,5474.86,5892.59,6441.45,6753.89,7154.01,7580.14,8040.1,8568.57,9150.13,9912.17,10313.92,10749.49,11052.8,11227.97,11361.27,11586.84,11878.46,12291.87,12770.97,13317.1,13656.6,13192.45
3,8746.34,8431.38,8383.76,8027.37,7792.07,7935.17,8116.95,8074.75,8360.14,8506.33,8710.44,8855.01,9232.42,9771.67,10058.43,10504.85,10527.41,10717.77,10796.89,10782.35,10970.69,11078.23,11233.52,11319.08,11512.69,11696.95,11826.15,11737.4,11630.68,11521.98,10735.38
4,NaN,NaN,NaN,NaN,NaN,NaN,NaN,NaN,NaN,NaN,NaN,NaN,NaN,NaN,NaN,NaN,NaN,NaN,NaN,NaN,NaN,NaN,NaN,NaN,NaN,NaN,NaN,NaN,NaN,NaN,NaN
5,33732.01,33897.23,34268.54,33905.88,34576.54,35177.66,35548.63,36250.69,37413.44,38494.95,39732.28,40226.63,40388.63,40433.49,41272.63,41643.99,42367.57,43127.21,42996.21,41546.49,42147.67,42864.02,42790.63,42816.27,43021.39,43345.79,43705.15,44577.06,45284,46017.77,42313.19
6,5783.43,5649.78,5148.25,3788.51,3717.37,4139.64,4551.65,4728.16,4792.68,4740.67,4727.97,4766.84,5240.84,5218.21,5593.24,6210.22,6681.1,7341.87,7864.37,7643.5,7692.43,7675.45,8036.69,8140.53,8239.83,8036.41,7569,7310.9,6933.5,6670.33,6110.27
7,23973.54,18539.29,22790.69,23226.21,24799.53,23335.32,23301.04,24863.82,27786.68,28338.86,27779.36,27060.3,24542.92,25708.55,29423.96,33021.09,38543.43,45318.74,44612.31,33801.57,31501.11,31154.98,28920.15,27545.48,28786.99,29589.05,28011.78,24174.53,25343.55,26223.54,26223.54
8,15458.69,15588.26,15500.73,15992.15,16698.4,15628.32,16303.43,16828.35,17260.57,17551.73,18313.63,17207.91,17143.59,17953.05,18743.57,19683.84,21849.22,23511.07,23131.93,20048.02,18206.02,17605.44,17966.34,17643.13,18104.68,18594.55,19419.63,19840.28,21017.26,21850.13,17293.3
9,14144.76,15221.79,16209.33,17312.03,18092.02,17362.52,18104.7,19347.54,19866.25,18981.17,18625.28,17610.76,15523.04,16714.67,18032.61,19426.44,20777.65,22424.12,23103.46,21519.89,23521.27,24647.63,24118.87,24424.14,23550.1,23933.89,23189.53,23597.12,22747.24,22066.1,19690.66
10,5180.06,4616.94,2735.79,2554.17,2757.23,3008.23,3234.07,3378.94,3654.05,3798.67,4048.25,4464.39,5081.52,5823.72,6472.14,7419.87,8464.49,9708.42,10467.53,9052.38,9286.2,9725.28,10397.65,10691.28,11019.84,11321.33,11303.07,12115.14,12715.11,13653.76,12619.89
11,37035.03,38455.21,38559.1,38948.31,39830.52,39004.78,38097.98,39714.09,39655.92,39367.02,41499.64,39388.35,37256.66,37200.06,39440.67,39407.19,39504.47,40058.31,39968.28,35731.99,34343.15,35392.61,34732.5,35980.16,35875.63,37715.93,38314.81,38897.12,38211.83,37982.19,37982.19
12,31016.42,30502.61,30259.42,31173.47,32073.03,32902.77,33724.97,34653.19,35876.22,37219.64,38217.45,38474.15,39533.22,40262.91,41472.54,42222.27,42738.47,44072.88,44743.66,44649.16,44914.98,45389.17,46350.92,46744.63,47232.88,47569.29,48116.03,48398.55,49029.11,49309.11,48690.48
13,37494.56,38399.67,38774.49,38658.65,39435.21,40425.39,41319.37,42136.66,43597.89,45060.62,46469.86,46878.92,47419.28,47633.11,48633.27,49387.03,50840.69,52565.07,53166.05,51030.72,51843.43,53179.15,53297.44,52997.75,52932.9,52873.86,53345.74,54172.99,55258.37,55833.56,51855.71
14,7616.91,7463.63,5690.18,4309.92,3414.51,2977,2985.34,3128.16,3408.48,3628.72,3998.52,4360.46,4736.56,5180.69,5610.76,7106.6,9453.94,11684.19,12672.38,13565.86,14082.24,13913.84,14027.47,14651.69,14867.94,14852.61,14232.19,14121.41,14209.59,14442.04,13726.77
15,38144.15,35879.7,33855.81,33328.96,33782.25,34716.54,35698.51,37703.88,35604.78,39477.24,40565.93,41001.75,41420.99,40183.3,39804.52,40401.53,40644.64,40456.01,38792.45,36543.08,36547.43,36296.39,37005.38,35331.17,35801.92,36023.6,35701.23,35917.76,36539.66,36432.52,30846.58
16,38601.03,41770.64,43430.27,47819.42,46538.77,47157.22,47825.87,47957.07,48717.18,48988.57,49406.29,48245.78,47311.75,47476.98,47661.39,47493.15,46910.19,47000.32,46408.83,44759.39,44599.8,44157.48,45035.98,46930.83,48201.16,48110.73,47937.71,47709.78,46389.26,45311.86,41480.58
17,1517.73,1534.53,1582.31,1621.33,1648.73,1696.57,1735.92,1775.96,1829.5,1876.6,1937.73,1998.07,2037.24,2097.17,2171.69,2279.53,2399.08,2537.11,2659.05,2762.18,2883.47,3034.95,3195.78,3349.03,3511.65,3700.11,3920.14,4160.7,4440.86,4753.73,4871.45
18,13984.19,13388.59,12579.47,12632.19,12836.38,13042.62,13505.8,14086.07,14548.82,14537,15124.44,14713.4,14778.87,15050.4,15210.07,15752.36,16612.73,16903.87,16946.67,16019.71,15596.62,15444.75,15335.85,15088.44,15041.55,15382.77,15738.08,15789.04,15674.9,15639.05,12655.4
19,8895.17,8784.38,7923.65,7305.31,6458.21,5805.36,5988.04,6698.46,7293.91,7575.92,8053.17,8477.08,8961.64,9660.19,10839.96,11940.19,13214.87,14417.35,15942.9,16014.12,17300.7,18274.02,18611.45,18805.43,19119.35,18362.75,17883.13,18356.1,18974.7,19279.21,19186.78
20,35506.93,36023.68,36426.99,35935.96,36981.45,37784.15,38208.72,39562.37,40252.47,41583.1,43024.14,43347.89,43890.6,44160.91,45540.47,46342.19,47212.58,48590.4,48423.52,47064.79,47972.56,48154.87,48210.92,48204.59,48748.62,49456.4,49829.93,50442.27,51126.67,51944.17,48720.11
21,4854.98,5310.14,5852.83,6116.24,6002.79,5887.26,5784.2,5775.29,5765.63,6042.65,6599.32,6698.16,6819.46,7261.12,7413.88,7363.85,7519.41,7363.4,7426.87,7257.73,7294.66,7259.64,7264.64,7194.62,7322.88,7358.62,7206.95,7193.63,7261.69,7251.89,6121.84
22,2175.21,2191.84,2179.51,2227.35,2195.82,2253.12,2277.76,2336.55,2358.28,2411.99,2478.22,2532.63,2570.79,2579.7,2614.21,2581.64,2606.82,2685.13,2738.19,2724.08,2704.71,2707.87,2759.85,2876.9,2975.85,2945.97,2961.44,3044.52,3160.78,3287.31,3323.14
23,2880.57,2848.24,2979.91,3050.14,3205.29,3414.55,3559.03,3680.67,3810.86,4018.93,4061.5,4308.53,4686.01,4957.53,5165.17,5456.71,5761.75,6743.05,6995.78,7393.92,8190.58,8744.96,9084,9163.56,9574.03,10086.07,10775.19,11142.47,11348.44,11864.77,10551.45
24,4587.43,4728.05,4705.59,4804.54,4925.11,5050.31,5164.25,5312.08,5469.47,5386.18,5415.53,5402.76,5434.08,5479.27,5605.2,5749.53,5920.71,6085.39,6351.23,6455.97,6612.8,6844.98,7081.39,7444.49,7730.64,7984.41,8202.54,8423.7,8655.53,8724.47,7845.17
25,NaN,NaN,NaN,NaN,NaN,NaN,NaN,NaN,NaN,NaN,NaN,NaN,NaN,NaN,NaN,NaN,NaN,NaN,NaN,NaN,NaN,NaN,NaN,NaN,NaN,NaN,NaN,NaN,NaN,NaN,NaN
26,3229.57,2810.84,2099.09,1551.51,1653.42,2053.4,3946.67,5344.16,6180.71,6757.74,7604.51,7779.79,8162.5,8471.87,9002.91,9350.94,9856.97,10441.6,11035.04,10755.97,10938.28,11176.88,11257.83,11725.25,12066.59,12630.66,13194.32,13753.83,14386.73,14896.79,14509.26
27,8431.74,8790.35,8799.83,8740.44,8836.79,9232.01,9539.38,10094.14,9911.14,10636.85,10629.95,10457.15,10896.88,11205.4,11305.57,11600.33,12318.36,13056.67,13581.17,12298.83,13126.21,13724.67,14166.54,15597.62,16042.05,14895.9,15654.68,15948.03,16222.41,16347.91,14654.65
28,10520.74,10443.96,10211.3,10537.27,10973.25,11254.12,11321.39,11524.11,11387.62,11272.71,11600.95,11602.5,11800.84,11786.33,12316.37,12565.94,12922.16,13564.99,14114.97,13962.26,14873.21,15323.33,15478.79,15805.22,15749.51,15064.18,14451.15,14524.61,14668.26,14763.87,14063.98
29,12122.7,14466.7,17567.59,22565.24,27605.41,33774.17,36157.34,39658.42,43315.55,47137.81,50541.51,52071.05,49366.32,42099.96,42376.7,47045.57,44607.21,42306.09,40099.08,38130.57,37029.36,35311.49,35671.55,34763.64,36031.56,38136.23,40975.43,38146.72,38865,39544.24,39544.24
30,71232.79,71405.38,72705.73,70908.81,71176.34,72446.9,72695.15,69939.98,67986.14,68540.82,69022.88,69483.9,70771.6,71483.18,70616.62,69787.82,71843.52,71051.71,68856.16,66851.12,67753.42,69388.81,69090.34,66715.69,64190.82,63147.48,60867.29,60994.53,60389.18,62098.01,62200.88
31,12507.71,11565.37,10840.08,10765.15,10998.14,11362.64,12015.92,10382.85,10848.42,9993.45,10503.62,11124.5,12036.18,12767.26,13701.5,14779.19,15904.9,17078.36,18250.54,17767.51,18160.6,18661.47,18911.58,18911.12,19202.8,19988.22,20740.79,21469.94,22206.08,23265.87,22379.09
32,1017.54,1080.52,1054.25,1061.59,1046.61,1076.47,1162.45,1201.95,1254.14,1309.4,1296.75,1343.54,1362.28,1426.62,1447.5,1527.02,1574.73,1590.83,1632.95,1631.19,1716.36,1775.78,1834.54,1883.8,1907.95,1925.33,1981.43,2044.39,2117.81,2175.5,2155.77
33,1184.84,1215.89,1202.11,1105.23,1044.72,947.82,861.48,839.2,870.04,850.05,828,826.03,839.78,804.88,817.46,798.7,815.05,815.91,827.79,831.56,846.17,852.5,862.72,877.27,886.24,825.21,794.6,773.57,761.52,751.66,731.06
34,1748.62,1730.79,1868.64,1974.24,2288.24,2546.6,2769.28,3010.84,3319.84,3622.65,4065.48,4084.44,4228.51,4336.87,4709.04,4964.8,5291.05,6018.11,6341.2,6185.76,6200.34,6366.13,6353.71,6323.38,6281.79,6266.88,6482.72,6643.18,6864.19,7171.83,6045.06
35,1788.93,1815.74,1818.6,1763.82,1111.17,1182.45,1214.93,1228.3,1252.34,1377.5,1481.66,1570.07,1642.61,1752.04,1902.1,2120.55,2313.34,2511.9,2640.63,2603.58,2716.7,2862.91,3022.6,3191.86,3364.28,3541.38,3728.1,3928.37,4159.34,4388.8,4191.57
36,3379.83,3155.26,2969,2656.02,2630.84,2633.53,2671.69,2719.9,2775.05,2825.62,2858.01,2903.92,2954.42,3033.33,3160.89,3144.94,3176.92,3224.76,3226.6,3219.96,3223.51,3242.35,3300.95,3372.9,3470.79,3570.42,3634.38,3665.12,3711.85,3742.86,3666.41
37,31300.34,30332.36,30321.43,30858.73,31991.05,32599.63,32873.83,34034.46,34697.09,35782.69,37194.4,37309.65,38169.11,39268.21,40426.23,42046.87,43358.18,45888.48,45851.63,44003.62,44861.52,45822.6,46126.51,46704.76,47564.61,47522.14,47457.59,48317.1,48796.81,49006.74,45900.18
38,75849.91,73299.28,72193.95,72296.46,72404.98,71946.15,71280.47,70762.23,86816.73,85124.99,82163.08,79608.16,78520.43,77858.55,76443.73,79425.19,80513.48,80595.67,77987.97,70428.43,66882.51,66255.63,65835.09,65598.18,66326.89,67241.28,68484.51,69753.09,71784.05,73633.7,67871.2
39,1201.67,1165.24,1060.64,1033.83,1053.75,1098.89,1027.65,1055.26,1078.45,1091.36,1040.1,1062.72,1077.95,999,1037.84,1026.91,1055.09,1082.69,1085.44,1161.19,1201.35,1242.71,1300.29,824.94,822.61,852.75,884.5,912.8,933.11,945.14,936.29
40,1003.79,1055.16,1103.8,901.03,960.59,940.68,929.58,949.08,980.23,939.27,897.35,964.74,1007.06,1111.6,1430.37,1618.14,1572.48,1569.75,1564.79,1577.67,1732.69,1676.77,1765.19,1804.32,1866.27,1857.11,1687.05,1587.03,1576.32,1579.63,1519.04
41,9849.65,10444.75,11421.04,11977.03,12382.88,13287.87,13990.93,14828.02,15271.47,15022.92,15638,15973.62,16293.19,16782.94,17807.17,18634.63,19603.7,20346.74,20840.4,20298.25,21262.47,22337.86,23300.44,24006.81,24173.06,24440.42,24531.36,24470.7,25028.91,24967.58,23324.52
42,1423.9,1534.71,1731.66,1949.53,2178.92,2391.48,2601.36,2812.71,3004.43,3206.73,3451.68,3712.34,4024.36,4400.83,4817.21,5334.65,5979.78,6795.17,7412.87,8069.35,8884.59,9680.1,10370.73,11101.94,11851.4,12612.35,13399.14,14243.53,15134,15977.65,16315.82
43,28798.46,30189.16,31803.29,33200.21,34420.25,34546.41,34453.84,35910.66,33517.19,34030.77,36317.12,36252.66,36690.4,37886.47,40862.67,43690.39,46463.58,49043.95,49788.81,48459.96,51360.97,53472.99,53785.15,55230.86,56359.3,57215.95,58096.3,59849.25,61062.95,59586.2,56153.97
44,48773.04,49155.68,54358.11,55959.17,57163.68,57866.7,56472.96,55196.02,51609.88,49336.72,51027.56,51283.81,54498.78,59342.93,73322.93,77395.68,85814.71,96154.36,97345.22,96493.79,118085.57,140321.91,149702.44,161971.46,155201.74,119406.92,116519.51,126144.1,132373.54,127272.55,57728.99
45,8307.25,8308.93,8478.2,8764.53,9100.98,9400.31,9424.1,9580.09,9473.82,8927.73,9042.66,9051.41,9137.46,9356.21,9716.5,10049.13,10586.79,11161.51,11393.2,11395.56,11783.3,12480.55,12852.63,13390.49,13852.24,14095.75,14194.52,14171.32,14314.86,14585.3,13448.93
46,3061.33,2812.28,2964.22,2966.22,2730.63,2751.16,2642.09,2675.58,2639.3,2621.57,2833.59,2829.08,2825.8,2817.31,2804,2815.7,2821.94,2777.14,2819.66,2840.63,2878.27,2924.69,2946.2,3005.51,2996.38,2959.5,2987.97,3032.26,3073.12,3058.82,2989.17
47,5068.29,5049.21,5040.36,4854.63,4461.66,4510.63,4571.97,4414.31,4448.41,4209.77,4399.84,4438.69,4512.43,4420.23,4438.98,4634.97,4841.6,4368.59,4487.38,4847.76,5169.17,5137.61,5504.18,5331.9,5552.84,5224.3,4544.08,4234.66,3928.43,3825.7,3433.96
48,NaN,NaN,NaN,NaN,NaN,NaN,NaN,NaN,NaN,NaN,NaN,NaN,NaN,NaN,NaN,NaN,NaN,NaN,NaN,NaN,NaN,NaN,NaN,NaN,NaN,NaN,NaN,NaN,NaN,NaN,NaN
49,9932.63,9895.5,10528.35,10988.78,11198.03,11378,11255.97,11595.94,12148.2,12394.55,12624.07,12832.57,13054.72,13411.85,13802.73,14149.52,14976.82,15989.33,16527.44,16174.28,16830.44,17360.2,17994.54,18233.02,18669.1,19141.68,19736.67,20347.03,20672.62,20937.54,19903.14
50,4271.57,4122.07,3967.56,3822.91,3723.79,3858.69,4025.03,4277.61,4328.76,4258.22,4137.96,3953.12,3760.72,3508.06,3545.09,3505.49,3527.24,3488.65,3574.52,3619.58,3778.21,3491.02,3666.64,3961.83,4225.96,4417.15,4615.71,4830.75,5033.48,5212.55,5181.31
51,19264.72,15319.22,13884.49,13003.15,13915.27,15146.72,16273.52,17355.87,17749.61,17670.22,18362.11,19661.06,20773.85,21915.56,22818.54,23771.95,24940.02,26171,26670.22,24754.16,24500.07,24563.85,24078.33,24057.81,24072.44,24884.67,25944.26,27154.09,28192.33,29336.09,27080.19
52,5153.3,4354.3,3717.6,2905.73,2933.76,3128.02,3553.22,3745.59,3734.63,3962.12,4383.9,4626.62,4777.21,4927.7,4987.12,5154.07,5922.13,6162.19,6565.88,6832.03,7192.74,7575.23,7804.85,8068.36,8340.62,8626.01,8747.38,8902.36,9103.43,9103.43,9103.43
53,20142.68,20847.65,22254.88,23069.15,23911.03,25023.88,26040.06,27510.91,28511.59,28681.31,29669.86,30562.32,30646.15,30107.18,29653.96,29102.86,28829.02,28963.41,29227.08,28883.1,28543.36,28313.05,28040.04,27503.79,26826.59,26548.7,26009.53,25475.49,25054.9,24494.34,20300.32
54,25286.28,24822.35,26442.71,25992.49,26962.58,28692.37,28591.26,28933.28,30327.21,31488.62,33013.98,33950.96,34813.68,35295.36,36576.87,37803.58,38930.61,40053.41,40484.61,38618.01,38379.09,37562.45,35719.32,33456.29,33207.77,34472.3,36523.73,38050.86,39559.49,40226.81,37655.18
55,23585.18,20895.88,20768.79,20760.05,21356.31,22758.6,23756.98,23659.32,23597.31,23948.39,24976.51,25833.41,26289.63,27239.56,28542.25,30384.45,32352.81,33956.25,34580.44,32782.61,33483.14,34002.19,33688.1,33661.47,34386.7,36168.42,37014.96,38824.89,39932.99,40981.06,38509.27
56,2685.25,2532.32,2318.65,2182.79,2105.88,1985.66,1895.01,1754.83,1727.53,1820.16,1811.96,1863.6,1870.79,1891.21,1917.53,1976.97,1944.65,1910.13,1962.32,1934.14,1915.06,1920.72,1936.36,1947.71,1958.69,1927.17,1904.77,1829.6,1745.49,1745.49,1745.49
57,1819.72,1606.33,1382.76,1150.84,1066.47,1039.75,1000.69,921.42,885.79,828.21,751.56,715.68,715.45,732.54,757.69,778.97,794.43,817.07,839.82,835.61,865.68,894.83,926.79,972.46,1029.79,1065.24,1055.57,1059.81,1085.89,1097.95,1082.45
58,39027.98,39469.32,40108.89,39979.76,41969.69,43015.68,44013.39,45260.14,46096.37,47298.54,48907.01,49133.22,49204.9,49262.64,50446.54,51483.27,53322.29,53569.03,52982.53,50114.05,50825.41,51293.21,51216.31,51479.27,52048.34,52892.65,54185.01,55356.68,56178.77,57161.69,55819.91
59,3413.22,2977.47,3167.19,3387.76,3217.07,3345.83,3078.99,3076.8,2920.12,2854.96,2781.75,2729.54,2698.13,2877.38,3101.37,3145.26,3463.83,3543.39,3643.11,3728.97,3762.05,3830.26,3924.91,4028.43,4238.94,4488.8,4709.52,4885.21,5214.07,5534.77,5481.11
60,7775.44,7885.27,8026.02,8168.01,8144.83,8384.49,8665.72,8897.9,9287.54,9367.81,9611.53,9602.5,9308.36,9862.74,10122.47,10160.99,10613.69,11275.38,12072.85,11928.44,12003.77,11971.02,11837.24,11708.14,12216.53,11873.74,12154.75,11304.04,11527.57,12368.94,10288.87
61,6203.21,6143.85,6706.03,7068.11,7122.38,7396.84,7707.4,8255.56,8670.44,9043.6,9322.14,9410.03,9690.6,9424.8,9533.32,10291.3,11087.48,11756.47,11980.84,11944.35,12782.46,13024.33,13219.69,13702.32,14499.63,15328.36,16166.61,16735.36,17711.8,18412.9,17003.01
62,8293.74,8450.15,8432.62,8406.56,8571.74,8575.67,8539.34,8723.83,8826.39,8243.41,8176.34,8350.89,8541.67,8625.79,9178.42,9503.69,9757.38,9805.65,10257.4,10148.87,10340.97,10984.28,11431.38,11818.59,12078.47,11896.38,11551.62,11617.91,11561.75,11370.6,10329.2
63,6086.69,6016.91,6152.93,6203.07,6321.25,6483.32,6671.09,6897.52,7138.21,7422.84,7744.72,7867.51,7905.41,8007.65,8184.07,8397.03,8814.15,9274.98,9763.5,10031.03,10340.07,10302.44,10301.11,10290.19,10353.67,10570.45,10795.81,11014.49,11366.34,11763.25,11951.45
64,5287.5,5294.05,5588.25,5833.53,6028.8,6239.39,6222.21,6354.54,6465.16,6551.75,6577.15,6591.27,6655.49,6723.66,6749.98,6900.49,7168,7269.72,7392.9,7208.12,7328.8,7575.84,7754.99,7892.47,7990.44,8143.33,8309.9,8454.05,8615.69,8776.12,7982.63
65,1039.99,996.88,1299.93,1395.4,1572.06,1781.26,2857.5,6868.49,8165.99,9851.28,11176.52,17523.55,20084.34,21944.51,29004.19,32390.21,33330.89,36685.34,41249.49,39914.18,34732.22,35377.74,36671.36,33678.74,32436.55,28313.43,24827.03,22550.96,20386.01,18502.56,17007.62
66,767.01,687.54,605.77,661.31,659.09,676.59,736.95,737.33,691.22,706.16,727.77,765.81,755.43,718.33,793.09,862.36,929.69,1008.14,1086.7,1150.21,1259.02,1360.94,1437.38,1545.18,1656.63,1779.08,1894.9,2021.56,2103.52,2221.4,2296.83
67,17045.41,15171.21,13059.93,12064.5,11928.98,12730.72,13558.57,15503.84,16332.82,16215.58,17765.21,18952.11,20364.01,22049.68,23691.15,26096.99,28814.92,31140.58,29621.76,25337.18,26015.75,27990.14,28997.32,29525.12,30494.1,31038.8,32008.93,33821.93,35097.7,36399.93,35215.36
68,5097.82,5047.37,5079.63,5115.22,5123.08,5258.97,5353.19,5416.68,5464.12,5545.1,5579.14,5592.51,5806.27,6009.5,6206.09,6551.01,6906.56,7167.54,7176.21,7236.73,7459.23,7575.72,7930.87,8179.82,8193.67,8307.78,8321.02,8408.04,8520.59,8652.92,8404.73
69,767.01,687.54,605.77,661.31,659.09,676.59,736.95,737.33,691.22,706.16,727.77,765.81,755.43,718.33,793.09,862.36,929.69,1008.14,1086.7,1150.21,1259.02,1360.94,1437.38,1545.18,1656.63,1779.08,1894.9,2021.56,2103.52,2221.4,2296.83
70,NaN,NaN,NaN,NaN,NaN,NaN,NaN,NaN,NaN,NaN,NaN,NaN,NaN,NaN,NaN,NaN,NaN,NaN,NaN,NaN,NaN,NaN,NaN,NaN,NaN,NaN,NaN,NaN,NaN,NaN,NaN
71,NaN,NaN,NaN,NaN,NaN,NaN,NaN,NaN,NaN,NaN,NaN,NaN,NaN,NaN,NaN,NaN,NaN,NaN,NaN,NaN,NaN,NaN,NaN,NaN,NaN,NaN,NaN,NaN,NaN,NaN,NaN
72,8451.43,8146.94,8538.57,8599.26,8912.16,9019.26,9344.2,9042.41,9075.11,9798.36,9575.86,9732.43,10027.44,10117.52,10630.48,10656.14,10771.44,10573.6,10566.91,10319.37,10547.91,10787.64,10919.48,11429.33,12058.01,12569.06,12820.76,13429.3,13846.12,13684.29,11450.75
73,32939.38,30831.61,29648.74,29310.31,30340.82,31499.81,32548.02,34506.77,36293.39,37795.06,39894.19,40842.34,41439.02,42168.69,43724.97,44786.91,46412.2,48664.27,48817.99,44662.1,45874.66,46825.82,45952.25,45328.58,44976.78,45072.59,46206.79,47570.13,48049.58,48641.62,47167.43
74,33732.01,33897.23,34268.54,33905.88,34576.54,35177.66,35548.63,36250.69,37413.44,38494.95,39732.28,40226.63,40388.63,40433.49,41272.63,41643.99,42367.57,43127.21,42996.21,41546.49,42147.67,42864.02,42790.63,42816.27,43021.39,43345.79,43705.15,44577.06,45284,46017.77,42313.19
75,NaN,NaN,NaN,NaN,NaN,NaN,NaN,NaN,NaN,NaN,NaN,NaN,NaN,NaN,NaN,NaN,NaN,NaN,NaN,NaN,NaN,NaN,NaN,NaN,NaN,NaN,NaN,NaN,NaN,NaN,NaN
76,NaN,NaN,NaN,NaN,NaN,NaN,NaN,NaN,NaN,NaN,NaN,NaN,NaN,NaN,NaN,NaN,NaN,NaN,NaN,NaN,NaN,NaN,NaN,NaN,NaN,NaN,NaN,NaN,NaN,NaN,NaN
77,18179.17,18770.6,17704.53,17917.22,18099.4,18514.57,18703.17,19284.53,19465.25,17297.81,16567.25,16522.2,16093.41,16060.69,15767.18,15761.15,14894.69,15334.72,14378.49,13934.86,14415.45,14883.49,15082.66,15342.18,15437.27,15510.04,15359.74,15006.84,14743.7,14945.86,14320.84
78,2265.23,2248.38,2245.61,2240.45,2175.5,2127.87,2108.83,2145.03,2152.68,2220.52,2270.49,2327.35,2180.85,2257.28,2341.17,2216.19,2137.82,2137.86,2205.11,2283.19,2346.72,2091.83,2135.74,2131.44,2038.8,2058.66,2036.88,2072.65,2158.08,2224.91,2156.75
79,11135.46,8724.29,4770,3346.57,3045.04,3243.85,3740.49,4268.7,4511.49,4737.41,4919.23,5236.22,5572.62,6230.82,6632.81,7315.2,8049.91,9109.9,9358.61,9097.42,9736.73,10541.47,11295.75,11740.09,12254.65,12605.14,12963.74,13589.71,14253.41,14989.26,13999.1
80,36699.48,38294.15,38734.94,38105.23,38881.57,39366.09,39568.6,40218.85,41022.61,41769.81,42928.18,43576.64,43417.31,43089.47,43605.28,43949.29,45678.08,47100.61,47643.22,45044.49,46999.24,49757.92,49872.45,49954.17,50845.53,51159.3,51879.67,53071.46,53486.84,53929.64,51374.03
81,2404.51,2459.25,2481.87,2528.99,2540.68,2574.84,2624.18,2666.13,2723.3,2774.32,2807.36,2849.01,2905.24,2982.09,3071.81,3172.17,3290.06,3345.64,3558.79,3637.48,3828.42,4261.62,4548.58,4769.07,4794.15,4785.99,4837.54,5115.91,5315.25,5540.05,5445.73
82,NaN,NaN,NaN,NaN,NaN,NaN,NaN,NaN,NaN,NaN,NaN,NaN,NaN,NaN,NaN,NaN,NaN,NaN,NaN,NaN,NaN,NaN,NaN,NaN,NaN,NaN,NaN,NaN,NaN,NaN,NaN
83,24262.95,24716.62,24700.24,24162.48,24522.63,24920.84,25521.39,26534.61,27415.74,28149.97,29133.97,30180.36,31249.53,32981.49,34565.06,34670.34,36520.21,37619.82,37394.33,35692.1,33693.21,30318.4,28322.57,27810.91,28129.96,28260.39,28239.92,28604.86,29141.17,29698.03,27034.74
84,8813.92,8923.63,8784.03,8517.9,8565.28,8665.59,8985.95,9384.24,10440.34,11116.31,11613.42,11333.74,11678.74,12738.91,12614.82,14246.99,13641.28,14442.88,14541.85,13537.79,13412.79,13444.65,13206.97,13427.55,14317.33,15142.06,15614.3,16217.5,16827.49,16867.57,14488.53
85,NaN,NaN,NaN,NaN,NaN,NaN,NaN,NaN,NaN,NaN,NaN,NaN,NaN,NaN,NaN,NaN,NaN,NaN,NaN,NaN,NaN,NaN,NaN,NaN,NaN,NaN,NaN,NaN,NaN,NaN,NaN
86,NaN,NaN,NaN,NaN,NaN,NaN,NaN,NaN,NaN,NaN,NaN,NaN,NaN,NaN,NaN,NaN,NaN,NaN,NaN,NaN,NaN,NaN,NaN,NaN,NaN,NaN,NaN,NaN,NaN,NaN,NaN
87,5561.07,5611.54,5730.65,5805.71,5891.33,6033.04,6064.02,6181.17,6338.34,6428.05,6499.88,6493.61,6589.74,6612.67,6676.7,6753.68,6972.38,7269.21,7365.28,7262.5,7335.99,7503.67,7590.76,7734.12,7939.37,8125.66,8206.05,8322.22,8462.17,8653.31,8393.28
88,NaN,NaN,NaN,NaN,NaN,NaN,NaN,NaN,NaN,NaN,NaN,NaN,NaN,NaN,NaN,NaN,NaN,NaN,NaN,NaN,NaN,NaN,NaN,NaN,NaN,NaN,NaN,NaN,NaN,NaN,NaN
89,1507.64,1503.8,1511.11,1545.65,1565.27,1594.93,1622.75,1662.66,1679.69,1701.73,1704.96,1730.3,1783.85,1771.66,1778.05,1794.38,1777.13,1856.26,1889.19,1825.67,1870.8,1932.51,2002.32,2035.32,2061.69,2087.94,2253.48,2417.8,2499.71,2567.03,2670.82
90,1994.66,2049.61,2025.79,2022.61,2042.46,2088.26,2284.37,2386.3,1683.25,1667.63,1722.76,1723.45,1669.27,1641.03,1647.58,1677.71,1675.77,1688.81,1700.29,1713.76,1747.24,1839.69,1760.88,1770.48,1740.9,1800.06,1864.26,1925.24,1901.93,1939.29,1847.47
91,4843.09,5128.39,5495.84,5901.42,6364.82,6663.97,7198.83,7672.26,7585.44,7852.71,7776.3,7969.7,8064.48,8009.7,8128.43,7965.37,8371.95,8972.29,9112.26,9454.07,9788.85,10275.88,10780.94,11117.52,11244.4,11261.78,11631.06,12005.41,12477.58,13082.18,18679.96
92,3541.41,3537.29,3285,3047.95,2633.7,2841.24,2905.31,2930.61,2941.81,2969.1,2943.72,2884.22,2866.17,2917.29,2832.08,2872.03,2876.07,2963.69,2994.77,3122.15,2900.91,3003.22,2973.97,3057.92,3066.85,3102.35,3116.49,3153.3,3165.3,3073.33,2934.25
93,NaN,NaN,NaN,NaN,NaN,NaN,NaN,NaN,NaN,NaN,NaN,NaN,NaN,NaN,NaN,NaN,NaN,NaN,NaN,NaN,NaN,NaN,NaN,NaN,NaN,NaN,NaN,NaN,NaN,NaN,NaN
94,3990.03,3749.17,3866.12,4002.96,3899.71,4024.99,3984.57,4049.97,4077.55,3935.73,4108.77,4109.77,4154.93,4235.62,4390.47,4546.24,4733.55,4914.32,5011.61,4787.86,4866.97,4956.4,5065.46,5113.46,5177.42,5283.42,5395.61,5561.99,5680.36,5736.18,5138.39
95,18278.59,16432.11,15934.83,15861.11,16350.92,16617.59,16659.88,17218.17,17931.36,18534.46,19415.02,20252.41,21273.12,22205.54,23367.61,24419.83,25423.43,25533.37,25835.55,24168.98,24486.04,25012.29,24825.58,25343.71,26485.41,27531.64,28218.28,29501.12,31121.67,32553.69,31099.63
96,35550.23,34929.73,33200.76,33169.26,33940.59,33666.21,35014.23,36732.94,39017.44,40103.87,41530.52,42626.92,42484.52,43095.36,46051.74,48104.65,49956.85,52827.01,52999.44,48770.95,47457.62,48186.17,48440.26,50168.69,50450.74,52142.93,54665.76,55638.49,56818.2,56935.77,52381.11
97,1813.14,1795.3,1856.17,1906.41,1994.23,2104.51,2220.89,2268.04,2364.41,2527.51,2578.59,2656.66,2711.51,2876.74,3054.92,3245.3,3453.11,3661.96,3720.09,3956.36,4234.98,4399.89,4583.17,4818.52,5116.63,5464.39,5851.39,6182.92,6518.85,6713.93,6165.75
98,4532.54,4762.39,4986.78,5224.17,5529.23,5892.07,6258.44,6458.07,5531.3,5497.81,5689.26,5816.43,5996.19,6198.65,6423.72,6699.27,6974.45,7319.43,7657.59,7906.26,8286.73,8680.21,9080.07,9457.02,9801.17,10149.6,10531.11,10935.63,11371.73,11811.98,11444.96
99,8630.84,9479.99,9568.64,9514.34,9239.98,9319.97,9670.2,9588.88,9669.4,9634.9,10066.8,10026.58,10623.63,11407.06,11764.1,11998.21,12456.61,13324.91,13213.1,13199.02,13805.7,14005.31,12807.39,12625.09,13038.56,12698.11,14205.21,14535.87,13471.86,12389.22,12644.45
100,7551.8,2643.71,3407.58,4310.35,4342.64,4300.45,4628.81,5440.03,7112.43,8110.72,9202.49,9089.71,8102.26,4989.51,7458.34,7411.66,7680.14,7695.11,8189.06,8294.15,8597.06,8949.94,9824.81,10170.22,9818.65,9946.98,10997.39,10526.37,10556.02,10935.58,9012.38
101,26437.22,26792.88,27500.37,28100.04,29600.52,32286.4,34393.73,37801.17,40684.89,44461.92,47996.98,49744.63,51797.43,52494.2,55040.82,56943.83,58189.78,59530.89,55712.5,52336.63,52965.79,53298.81,53045.65,53435.64,57668.76,71508.73,72150.04,77749.2,83726.36,86650,90624.72
102,NaN,NaN,NaN,NaN,NaN,NaN,NaN,NaN,NaN,NaN,NaN,NaN,NaN,NaN,NaN,NaN,NaN,NaN,NaN,NaN,NaN,NaN,NaN,NaN,NaN,NaN,NaN,NaN,NaN,NaN,NaN
103,23372.66,23466.85,24161.06,24108.75,24831.2,26233.13,27096.08,27464.76,27970.64,28240.99,29950.32,29282.52,28642.44,28453.25,29328.71,30014.61,31192.18,32512.87,33045.12,32633.42,33864.23,35086.73,35417.29,36423.19,37204.5,37306.13,38214.49,39121.3,39903.42,40626.22,39048.79
104,36585.68,37122.82,37407.11,37065.43,37855.01,38947.2,39429.5,40129.9,40844.75,41501.79,43053.93,43869.43,43915.39,43781.22,44118.04,44260.83,44918.17,45356.54,44623.6,42074.92,42664.36,42892.31,41501.71,40268.11,39898.53,40247.83,40837.74,41581.12,42045.92,42708.03,39004.86
105,8592.39,8936.36,9030.71,9787.54,9826.21,9959.23,9850.99,9643.35,9328.11,9340.62,9344.53,9399.37,9522.53,9811.2,9884.24,9918.05,10152.18,10246.16,10113.16,9625.38,9435.76,9546.49,9433.85,9427.68,9438.48,9473.11,9553.1,9600.1,9734.86,9777.01,8761.02
106,32945.98,33938.33,34099.34,33812.95,34053.52,34867.58,35878.79,36144.62,35588.63,35405.08,36323.1,36375.59,36306.33,36784.88,37576.39,38250.64,38751.01,39280.89,38781.2,36577.86,38069.96,38149.62,38735.9,39569.64,39739.54,40402.58,40754.1,41505.08,41821.71,42022.49,40232.21
107,NaN,NaN,NaN,NaN,NaN,NaN,NaN,NaN,NaN,NaN,NaN,NaN,NaN,NaN,NaN,NaN,NaN,NaN,NaN,NaN,NaN,NaN,NaN,NaN,NaN,NaN,NaN,NaN,NaN,NaN,NaN
108,7924.18,7634.97,8253.9,8164.68,8164.83,8333.85,8248.92,8318.5,8403.65,8536.92,8741.73,9035.14,9377.65,9558.46,10105.46,10577.29,11002.22,11399.97,11662.9,11650.36,11315.5,11016.4,10688.29,10414.92,10284.67,10145.84,10036.54,10003.57,10013.4,10071.38,9816.55
109,13475.64,11917.71,11294.74,10292.2,9126.26,8552.45,8726.54,9016,8998.9,9330.56,10275.76,11682.84,12827.23,13973.08,15208.44,16536.02,18112.78,19500.48,19770.22,19614.74,20751.26,21970.08,22702.58,23720.82,24355.76,24290.42,24210.86,24862.97,25544.34,26351.8,25363.17
110,3569.5,3503.13,3364.76,3271.97,3256.66,3300.01,3338.15,3259.79,3274.13,3258.24,3189,3220.48,3151.44,3157.14,3229.22,3327.55,3446.55,3582.11,3492.43,3510.03,3691.01,3776.91,3845.69,3888.57,3980.59,4075.5,4145.64,4203.59,4339,4452.77,4339.86
111,2134.13,2096.54,2084.52,2076.43,2085.87,2057.74,2061.11,2061.91,2160.21,2090.8,2183.68,2115.5,2158.81,2164.15,2089.88,2150.1,2102.98,2097.09,2006.89,1979.55,1923.11,1920.1,1979.91,2034.14,1992.24,2169,2247.97,2235.71,2286.3,2340.39,2259.5
112,22566.07,14595.92,29985.71,46152.81,56738.76,63724.71,63284.7,61687.59,59725.8,55034.99,54984.95,53578.82,54322.97,63008.63,68233.87,73155.71,75224.8,75580.93,73022.97,63886.25,58810.4,60887.68,61416.98,58995.37,56647.44,54834.39,54708.98,50855.55,50478.59,49853.74,44847.05
113,5158.32,4671.52,3978.91,3362.83,2688.35,2517.28,2656.02,2877.1,2893.42,2954.95,3078.91,3212.13,3182.23,3370.43,3563.88,3517.72,3588.09,3857.65,4142.21,4210.63,4141.08,4334.66,4259.32,4631.4,4722.09,4805.14,4912.38,5046.69,5133.15,5258.37,4706.57
114,1964.57,1992.48,2046.66,2111.55,2227.94,2330.16,2438.9,2555.35,2608.04,2750.09,2861.27,2977.8,3106.01,3245.19,3399.35,3584.32,3830.4,4052.84,4296.48,4542.18,4850.18,5158.84,5489.04,5841.88,6193.34,6543.67,6896.13,7257.81,7592.83,7886.65,7810.73
115,17424.48,15185.44,10374.87,9303.49,9595.55,9600.85,9960.89,10949.72,11753.8,12176.46,12992.2,13993.95,15160.84,16597.39,18169.18,20334.6,22977.48,25469.16,24903.59,21710.77,21176.28,22118.41,23970.44,24715.72,25423.64,26628.46,27509.17,28673.56,30050.72,31012.14,30082.87
116,7552.95,10829.23,11976.34,12570.96,12962.04,13309.04,14473.56,14435.3,14822.3,14530.97,14361.86,14359.43,14172.01,13942.04,14284.14,14263.89,14299.28,15605.76,17030.36,18584.61,19499.41,18727.25,18039.25,17537.84,16969.37,16358.38,16167.73,16043.06,15677.94,14563.68,11488.42
117,1336.63,1397.93,1461.83,1479.96,1535.53,1554.92,1611.65,1642.67,1643.32,1632.99,1685.37,1742.88,1760.6,1851.35,1894.32,1969.64,2059.34,2148.83,2267.25,2235.41,2346.71,2444.93,2585.37,2614.14,2639.45,2701.42,2776.74,2668.29,2614.66,2583.92,2316.99
118,3048.95,2829.58,1650.98,1010.9,754.34,681.2,705.56,1266.1,1393.99,1530.65,1753.48,1740.24,1763.46,1210.91,1219.41,1250.92,1306.44,1376.16,1414.85,1431.79,1465.56,1535.98,1611.35,1704.88,1673.06,1630.58,1565.14,1564.2,1543.97,1469.76,1392
119,8905.38,10817,11063.15,11203.08,12025.39,12484.82,13652.03,15241.42,15464.49,16402.96,16746.27,16193.09,15783.1,17553.55,18048.94,19883.48,20858.54,21857.13,22129.19,21685.02,22539.89,8479.95,18806.78,16160.11,12201.2,11022.43,10592.43,13238,15017.99,15174.16,10282.29
120,30784.88,30931.33,31057.21,30876.89,31650.52,32427.87,33010.71,33982.98,34961.02,35909.12,37212.63,37906.65,38233.02,38556.56,39374.57,40021.07,41206.3,42276.25,42301.49,40386.12,41163.73,41904.48,41624.87,41575.15,42172.21,43011.55,43730.04,44783.21,45600.25,46353.28,43306.2
121,17703.87,16665.8,13129.43,11052.7,10038.48,10640.36,11274.64,12302.1,13317.91,13259.62,13846.68,14872.38,16004.44,17839.78,19226.47,21053.18,22978,25835.37,26784.88,23065.06,23942.76,25968.58,27330.9,28589.03,29855.83,30748.2,31925.8,33761.87,35446.71,37166.21,37109.51
122,70860.82,75961.67,76323.3,78468.92,80365.22,80379.13,80401.03,83702.81,88185.8,94115.38,99301.53,101143.15,103317.33,104743,107634.84,108632.36,113346.04,120647.82,118154.67,112230.08,114343.99,112998.39,112137.14,113050.66,113313.58,113182.73,116283.7,114985.84,115049.93,116518.28,112226.91
123,1853.05,1686.16,1656.34,1641.21,1591.42,1569.04,1553.58,1560.97,1571.63,1594.48,1614.38,1658.94,1409.4,1501.27,1533.7,1559.87,1596.75,1639.88,1700.7,1587.57,1553.41,1534.94,1538.52,1531.78,1540.74,1546.77,1565.87,1584.42,1591.97,1618.62,1463.86
124,952.67,1014.71,931.99,1019.76,912.01,1053.9,1110.88,1125.82,1137.81,1139.81,1127.2,1044.58,1036.79,1069.78,1100.11,1106.91,1127.87,1202.04,1257.48,1323.62,1374.57,1400.59,1386.79,1418.07,1457.47,1457.5,1453.78,1472.15,1496.73,1537.14,1508.84
125,10306.08,10991.07,11663.63,12500.5,13315.42,14260.1,15290.91,15995.72,14448.74,14965.62,15917.06,15652.01,16155.6,16751.41,17538.49,18114.14,18752.55,19546.99,20103.5,19442.99,20536.37,21289.26,22132.22,22855.95,23906.23,24787.82,25541.77,26661.51,27577.37,28421.46,26471.67
126,8953.48,9376.8,9719.14,10104.07,10512.08,10597.59,11208.4,11935.17,12609.4,13139.61,13358.07,12521.46,13071.97,14452,14901.4,12607.23,15516.36,16330.16,17448.3,15731.56,16305.16,17015.15,16708.48,17133.1,17567.72,17283.97,17583.59,18057.91,18793.84,19510.49,12744.43
127,1414.89,1547.08,1460.95,1468.01,1483.07,1457.57,1520.46,1553.33,1628.01,1675.17,1627.73,1823.84,1824.6,1930.21,1899.08,1958.82,1983.71,1985.62,2012.28,2041.33,2082.96,2085.42,2007.81,1995.16,2075.4,2139.74,2198.56,2246.8,2283.7,2321.7,2225.89
128,16106.92,16659.55,17262.03,17856.27,18689.73,19737.05,20348.55,21256.79,22201.56,23112.04,27482.87,26956.79,27442.95,28373.76,28223.36,28992.92,29612.6,30918.5,31893.36,31294.9,32867.94,32881.83,33929.34,35287.47,37230.28,39845.11,40536.72,42644.05,43313.48,43950.59,39222.14
129,3302.11,3227.3,3398.85,3560.62,3740.92,4028.92,3608.88,3380.95,3359.71,3313.46,3336.09,3518.27,3583.21,3452.98,3421.06,3452.09,3408.64,3501.11,3277.74,3376.76,3595.17,3562.86,3469.54,3594.94,3545.21,3586.06,3615.59,3711.9,3820.96,4048.58,3932.25
130,NaN,NaN,NaN,NaN,NaN,NaN,NaN,NaN,NaN,NaN,NaN,NaN,NaN,NaN,NaN,NaN,NaN,NaN,NaN,NaN,NaN,NaN,NaN,NaN,NaN,NaN,NaN,NaN,NaN,NaN,NaN
131,4547.74,4510.29,4477.45,4619.93,4365.38,4673.64,4822.06,4511.68,4520.62,4567.08,4273.64,4126.22,4069.25,4230.79,4307.26,4544.87,5226.51,4978.62,4821.04,4687.58,4671.64,4725.33,4792.84,4846.71,4908.11,5024.47,4944.57,5108.55,5193.39,5344,5109.8
132,7989.53,8254.32,8676.97,9010.48,9252.72,9566.82,9998.62,10435.8,10953.68,11097.69,11890.59,12191.93,12303.11,12938.15,13413.99,13571.84,14165.95,14909.17,15655.6,16131.71,16797.82,17454.78,18014.99,18579.37,19240.22,19897.48,20646.93,21415.12,22208.14,22869.76,19462.93
133,NaN,NaN,NaN,NaN,NaN,NaN,NaN,NaN,NaN,NaN,NaN,NaN,NaN,NaN,NaN,NaN,NaN,NaN,NaN,NaN,NaN,NaN,NaN,NaN,NaN,NaN,NaN,NaN,NaN,NaN,NaN
134,14949.03,15293.16,15550.56,15575.12,16067.15,14808.81,15559.98,16368.09,16954.33,17165.89,17756.57,17438.21,17193.56,17205.99,17635.25,17788.59,18319.48,18462.84,18396.81,17168.98,17790.01,18186.22,18594.89,18600.37,18887.57,19268.91,19539.26,19721.26,19928.4,19677.28,17852.36
135,2995.5,3137.36,3179.2,3354.79,3269.86,3450.25,3316.51,3110.85,3207.42,3264.69,3434.1,3516.23,3540.19,3600.05,3498.26,3586.13,3609.1,3574.45,3518.44,3576.87,3659.64,3756.91,3649.45,3468.17,3340.2,3448.3,3437.39,3490.13,3460.91,3465.54,3368.55
136,30784.88,30931.33,31057.21,30876.89,31650.52,32427.87,33010.71,33982.98,34961.02,35909.12,37212.63,37906.65,38233.02,38556.56,39374.57,40021.07,41206.3,42276.25,42301.49,40386.12,41163.73,41904.48,41624.87,41575.15,42172.21,43011.55,43730.04,44783.21,45600.25,46353.28,43306.2
137,4977.78,4475.81,4015.21,3854.13,3906.57,4123.94,4182.35,4309.66,4415.93,4512.13,4523.51,4614.39,4785.97,5068.31,5544.78,5876.28,6298.24,6850.08,7351.83,7144.83,7470.78,8602.95,9476.93,10371.29,10967.11,11009.71,10961.97,11366.3,12028.64,12486.08,11723.87
138,16222.28,14903.91,11310.9,7323.49,7549.74,8770.77,11453.01,12579.28,13236.01,12024.69,12419,12505.17,12692.29,12955.58,13505.05,14048.85,15233.38,16248.34,17391.03,16348.09,16764.36,17287.42,16802.4,17381.74,17674.62,18263.61,18797.9,19682.28,20686.58,21533.95,18258.97
139,33047.08,25840.55,25832.47,25009.13,26685.1,25245.42,21246.49,19345.63,19282.2,21230.18,22111.74,23725.19,25035.69,24742.8,24264.07,23294.9,23063.44,23268.51,23702.64,24456.52,22367.29,23368.36,22767.18,20328.62,20109.05,20687.17,20968.78,18753.76,19463.05,20583.24,20583.24
140,3816.99,4018.55,3864.74,3770.52,4101.8,3820.54,4231.49,4109,4349.62,4341.83,4370.8,4634.19,4721.95,4944.39,5120.83,5227.56,5558.05,5687.23,5952.66,6129.11,6281.46,6522.37,6625.46,6828.22,6912.18,7126.67,7106.24,7312.06,7446.94,7537.49,6916.35
141,471.33,481.9,436.72,464.02,475.25,469.19,506.15,548.35,587.86,640.25,630.7,687.15,729.29,756.59,792.73,821.35,875.92,917.8,958.28,991.32,1027.21,1073.48,1120.13,1165.41,1217.09,1262.61,1273.78,1283.66,1289.74,1281.78,1229.94
142,564.23,562.65,580.81,618.79,653.23,692.02,729.15,763.28,796.92,853.82,948.78,1055.65,1167.4,1306.77,1473.02,1659.69,1867.15,2086.99,2303.8,2527.39,2762.61,2947.66,3113.01,3330.47,3574.03,3663.14,4020.24,4224.55,4467.86,4739.71,4857.39
143,5945.97,6242,6511.9,6251.82,6213.23,6312.57,6374.95,6508.4,6592.16,6689.77,6804.87,6775.22,6992.87,7182.31,7942.56,8014.97,8438.22,8735.71,8805.41,8671.66,9031.16,9324.53,9626.54,9990.75,10413.31,10662.83,10471.28,10171.42,10087.46,9812.61,8814.59
144,4219.63,4358.17,4418.12,4460.61,4564.52,4713.1,4870.21,4963.87,4885.08,4983.73,5172.79,5196.86,5287.9,5392.51,5575.51,5438.4,5960.96,4589.58,5590.18,6058.52,6688.65,7313.67,8090.93,10493.21,13175.92,13551.96,13901.95,12975.39,13636.36,13527.41,13594.49
145,1616.65,1675.29,1697.48,1715.37,1807.7,1824,1876.46,1928.05,1945.45,1992.23,2077.65,2141.07,2110.82,2163.02,2234.15,2282.69,2330.33,2380.97,2499.42,2591.63,2703.41,2793.02,2922.62,3033.78,3217.45,3331.87,3315.81,3565.2,3773.72,3952.76,3800.07
146,36461.42,37057.58,37405.93,37613.25,38494.22,39498.14,40691.89,42235.49,43933.57,45839.13,47422.2,48160.78,47958.33,47806.88,48586.7,49467.44,51097.36,52909.97,53848.25,51607.61,52032.99,52594.23,51860.06,51640.08,52187,52974.12,53847.83,55088.63,56060.91,56784.04,54325.51
147,NaN,NaN,NaN,NaN,NaN,NaN,NaN,NaN,NaN,NaN,NaN,NaN,NaN,NaN,NaN,NaN,NaN,NaN,NaN,NaN,NaN,NaN,NaN,NaN,NaN,NaN,NaN,NaN,NaN,NaN,NaN
148,28086.82,26466.67,26479.04,27852.04,28891.04,29815.79,30409.09,30627.8,30599.32,32098.15,32837.1,33775.23,34745.17,35616.11,36504.2,37293.21,37902.75,38687.85,37933.15,37505.05,37657.14,38214.47,38857.12,39599.19,40432.24,41086.12,41672.1,42285.32,42866.13,42877.94,42774.69
149,3454.21,3371.62,3309.47,3224.09,3261.17,3384.79,3531.67,3606.28,3676.93,3872.24,3968.83,4025.94,3998.81,4043.22,4200.22,4320.68,4438.86,4600.54,4693.59,4477.34,4611.79,4837.5,5083.29,5263.41,5443.24,5630.3,5811.81,6004.01,5729.68,5451.67,5280.1
150,1124.12,1083.78,1069.59,1037.48,1021.22,1010.82,977.2,957.86,1016.67,978.78,932.68,964.72,975.75,960.83,929.22,960.85,980.45,973.98,1010.38,991.7,1036.16,1020.26,1084.76,1098.64,1126.81,1131.52,1151.18,1163.23,1200.4,1224.38,1221.27
151,3259.64,3189.09,3253.69,3108.67,2977.09,2901.77,2949.2,2961.2,2962.89,2906.72,2977.04,3075,3458.07,3619.14,3854.01,3997.44,4130.4,4288.27,4458.62,4690.38,4932.33,5056.89,5131.37,5329.12,5516.39,5514.77,5284.89,5190.36,5155.08,5135.5,4916.72
152,NaN,NaN,NaN,NaN,NaN,NaN,NaN,NaN,NaN,NaN,NaN,NaN,NaN,NaN,NaN,NaN,NaN,NaN,NaN,NaN,NaN,NaN,NaN,NaN,NaN,NaN,NaN,NaN,NaN,NaN,NaN
153,11378.16,10691.65,10013.05,9286.8,9134.16,9025.3,9103.88,9200.62,9461.01,9824.45,10224.7,9869.53,10089.96,10280.55,10730.52,11213.65,11770.21,12511.73,13174.84,13103.44,13515,13807.48,13727.79,14108.91,14596.62,15139.27,15553.46,15706.46,16145.55,16773.06,15931.38
154,NaN,NaN,NaN,NaN,NaN,NaN,NaN,NaN,NaN,NaN,NaN,NaN,NaN,NaN,NaN,NaN,NaN,NaN,NaN,NaN,NaN,NaN,NaN,NaN,NaN,NaN,NaN,NaN,NaN,NaN,NaN
155,42136.62,43229.93,44517.45,45512.4,47541.78,49260.98,51476.22,53903.45,54989.72,55713.77,57127.4,58018.33,58540.86,58728.18,60699.59,61870.38,62846.96,64062.44,63570.36,61689.58,61353.5,61157.15,61990.71,61878.99,62390.15,62987.54,63104.1,64050.76,64341.26,64452.81,63583.74
156,26644.34,27044.89,27997.1,28416.14,28469.05,29134.21,29586.94,31189.29,31983.57,32046.34,33948.87,35053.63,34075.28,32452.86,32074.32,32012.61,32823.89,33299.53,34801.67,35320.99,33974.41,32600.88,33068.11,32293.34,30625.15,30251.55,30257.65,29077.36,28442.56,27382.77,27382.77
157,2915.9,2976.91,3118.14,3086.89,3115.1,3179.51,3240.09,3180.35,3169.89,3196.28,3245.38,3277.05,3279.03,3388.18,3560.81,3706.82,3836.49,3931.18,3908.6,3930.51,3906.87,3928.52,3980.75,4069.27,4171.29,4278.35,4421.58,4571.21,4739.47,4697.73,4562.62
158,11204.74,11572.62,11731.81,11844.64,12120.56,12515.1,12932.27,13180.97,12971.77,13233.73,13735.75,14404.7,14728.88,14125.96,14775.37,15420.24,15545.49,16179.21,15611.23,14915.65,15227.62,16433.94,16815.88,16275.81,17278.59,18539.16,18468.29,17770.56,17650.42,17229.15,15473.25
159,10726,11493.62,12181.22,12583.78,12679.48,12639.99,12889.27,13445.02,14142.63,14405.38,14507.79,14311.02,14353.37,14677.99,15491,16301.51,17391.09,19125.63,20636.93,20525.62,21343.33,23349.17,25196.31,26480.56,27352.52,28430.99,29332.38,30446.85,31039.07,31440.26,25389.81
160,2434.7,2605.22,2898.15,3347.57,3464.85,3271.67,3440.33,3225.66,3028.93,3012.59,2871.42,2806.95,2745.51,2748.7,2765.35,2877.12,2963.42,3119.18,3035.17,3165.09,3406.64,3369.84,3453.39,3513.02,3909.34,4083.75,4222.52,4285.63,4190.09,4293.13,4063.73
161,8475.74,8547.34,8475.92,8678.58,8923.5,9311.34,9243.47,9422.68,9226.51,8911.16,8530.21,8295.07,8138.1,8337.47,8528.04,8570.09,8846.7,9193.84,9657.68,9503.27,10415.66,10714.69,10493.81,11209.13,11643.73,11828.14,12170.78,12590.55,12827.71,12615.53,12389.59
162,5249.2,5258.26,5128.63,5295.8,5837.09,6154.17,6210.22,6492.55,6354.43,6345.5,6422.48,6380.34,6653.4,6861.83,7136.35,7519.03,8017.26,8629.26,9341.23,9368.05,10066.47,10616.84,11176.09,11724,11877.08,12110.27,12403.69,12506.53,12781.42,12853.69,11260.85
163,4209.48,4088.1,4006.34,3997.01,4074.73,4165.25,4309.45,4431.84,4312.15,4359.89,4453.76,4492.72,4562.76,4697.49,4908.06,5054.24,5228.32,5474.68,5618.48,5606.59,5918.37,6043.6,6351.26,6666.25,6973.64,7300.14,7705.05,8120.87,8516.14,8914.72,7953.58
164,11314.96,10483.9,10714.66,11086.96,11649.16,12459.67,13211.57,14054.39,14701.34,15386.94,16257.65,16466.79,16809.82,17409.64,18287.83,18937.48,20111.3,21543.16,22444.91,23064.95,23996.14,25124.28,25457.21,25759.34,26649.58,27797.06,28682.69,30064.5,31674.13,33185.16,32354.54
165,23556.86,24642.6,24930.45,24391.2,24560.36,25523.71,26318.98,27354.84,28525.52,29472.71,30383.14,30756.02,30823.85,30422.6,30892.82,31076.64,31524.75,32251.57,32307.91,31269.41,31798.15,31304.82,30156.7,30042.89,30444.6,31118.79,31847.54,33044.72,34040.73,34945.66,31935.47
166,21595.98,21937.9,22791.57,23650.11,24412.28,25288.11,25584.57,26584.91,27894.45,29251.04,30124.7,31958.1,32209.43,32206.47,35016.95,34370.72,34030.1,33831.94,33403.43,32930.37,32960.7,33224.57,33638.87,33922.17,34070.26,34311.04,34539.6,34363.75,34299.37,34804.94,33442.84
167,22129.29,23476.6,28438.4,30667.25,33946.04,37735.5,42340.13,58587.6,68908.12,75878.93,86566.3,86643.64,89119.38,86886.95,93748.55,87721.95,93656.34,92749.56,92555.3,89954.85,95908.31,99147.29,96261.49,95499.91,95578.26,95965.25,95601.81,91738.75,90970.06,89966.45,85290.45
168,12656.4,13882.42,14590.53,15436.39,16698.28,18120.49,19364.94,20367.97,19184.22,21232.61,22963.64,23893.9,25591.4,26260.37,27515.95,28640.71,29990.52,31569.93,32275.13,32363.97,34394.49,35388.98,36049.19,37021.13,37967.48,38828.74,39814.66,40957.42,41948.35,42804.67,42381.37
169,15741.63,12736.85,8877.36,8617.25,5861.63,5696.16,5372.14,5480.85,5124.35,4959.54,5074.38,5395.97,5830.34,6232.67,6710.47,7231.33,7599.52,7845.67,8473.75,7975.38,8550.17,9052.87,9000.66,9817.3,10314.41,10360.83,10942.55,11651.32,12363.15,13026.52,12324.39
170,NaN,NaN,NaN,NaN,NaN,NaN,NaN,NaN,NaN,NaN,NaN,NaN,NaN,NaN,NaN,NaN,NaN,NaN,NaN,NaN,NaN,NaN,NaN,NaN,NaN,NaN,NaN,NaN,NaN,NaN,NaN
171,13302.47,11685.1,10757.39,10936.73,11383.29,12117.36,12627.2,12049.54,11829.42,11803.38,12109.55,12920.49,13909.67,14338.36,15924.05,16770.65,18224.78,19833.97,22044.31,21002.28,20303.16,20792.17,21311.13,22197.04,23084.37,23878.19,25145.01,27141.92,28523.47,29875.08,28828.13
172,21482.75,20340.13,17367.64,15870.61,13880.47,13308.2,12827.12,13028.21,12358.15,13189.79,14569.94,15378.09,16175.1,17434.81,18765.52,20042.81,21757.47,23647.27,24887.85,22939.69,23961.22,24972.08,25933.29,26332.4,26057.16,25488.1,25490.71,25926.44,26656.41,27210.55,26456.39
173,936.63,939.5,1051.32,1033.7,542.66,746.35,816.76,870.96,874.19,846.75,867.62,907.21,1003.02,1009.53,1069.3,1148.45,1226.24,1287.05,1393.03,1441,1507.17,1586.96,1682.21,1718.94,1780.14,1889.16,1950.53,1975.25,2088.75,2227.52,2098.71
174,NaN,NaN,NaN,NaN,NaN,NaN,NaN,NaN,NaN,NaN,NaN,NaN,NaN,NaN,NaN,NaN,NaN,NaN,NaN,NaN,NaN,NaN,NaN,NaN,NaN,NaN,NaN,NaN,NaN,NaN,NaN
175,NaN,NaN,NaN,NaN,NaN,NaN,NaN,NaN,NaN,NaN,NaN,NaN,NaN,NaN,NaN,NaN,NaN,NaN,NaN,NaN,NaN,NaN,NaN,NaN,NaN,NaN,NaN,NaN,NaN,NaN,NaN
176,14210.26,13903.5,14386.59,15197.09,15819.39,16489.11,17290.23,18304.18,18060.01,18471.87,20114.4,20924.74,20945.14,19865.75,20403.65,22136.71,22601.93,22530.14,23706.37,22549.72,22223.91,22432.99,21740.15,22707.08,23921.24,23966.5,26953.06,26982.93,27499.03,28602.98,24319.36
177,11732.98,11610.33,12378.36,12307.82,12359.94,12422.66,12616.84,12356.33,12952.62,13129.93,12989.74,12432.27,12389.43,12826.22,13648.59,13460.57,14124.21,14169,14663.24,14065.42,14137.59,14789.97,14667.16,14133.48,14317.36,14057.61,14497.6,14928.4,15286.28,15200.87,12048.93
178,NaN,NaN,NaN,NaN,NaN,NaN,NaN,NaN,NaN,NaN,NaN,NaN,NaN,NaN,NaN,NaN,NaN,NaN,NaN,NaN,NaN,NaN,NaN,NaN,NaN,NaN,NaN,NaN,NaN,NaN,NaN
179,6547.35,6408.39,6671.5,7119.03,7025.19,7571.93,7673.71,7949.17,8281.06,8508.97,8646.51,8785.73,9323.63,10019.54,10416.94,10666.62,11488.25,11881.69,12082.76,11840.92,11447.62,11393.62,11537.96,11729.56,11845.01,11973.35,12163.68,12245.13,12466,12489.17,12044.37
180,4058.01,3935.59,3892.36,4012.49,3874.05,4099.52,4365.2,4370.3,4446.23,4523.32,4812.77,5119.18,5310.8,5517.11,5736.21,5937.23,6015.57,6354.77,6375.99,6027.22,6010.08,6205.82,5901.35,5831.1,5788.37,5996.84,6449.83,6489.78,6384.58,6631.59,6416.78
181,57967.99,58243.75,58480.78,58141.24,59597.98,61061.73,62159.24,63990.01,68029.68,73393.25,74121.59,77249.24,76507.47,78396.54,80883.7,81766,83839.85,88683.32,87177.9,77188.63,72038.11,65142.76,59708.73,58419.91,57328.08,58061.86,59009.8,58867.01,59576.43,60847.11,60847.11
182,2556.18,2540.05,2519.82,2517.99,2542.2,2559.04,2560.85,2547.44,2569.91,2590.91,2558.28,2589.16,2602.35,2718.92,2761.95,2887.7,3069,3080.8,3239.02,3227.91,3357.47,3426.32,3461.33,3558.44,3720.79,3794.36,3878.83,3952.95,3993.28,4005.34,4051.6
183,41392.53,46075.13,46498.56,44623.51,43761.32,42855.79,43073.13,42710.91,43111.08,40643.84,41955.21,40393.97,38170.22,41229.81,43210.25,44309.53,44276.89,43865.92,45340.12,43169.54,44036.77,46989.15,48024.46,47848.38,48209.14,48921.22,48625.84,47306.22,47592.77,46962.15,44328.18
184,2472.78,2463.54,2422.78,2385.09,2317.94,2380.25,2367.65,2381.51,2463.46,2557.79,2595.11,2642.69,2580.83,2658.56,2712.88,2758.35,2750.2,2754.19,2780.62,2780.61,2797.11,2757.08,2788.67,2777.11,2868.32,2966.46,3067.67,3203.91,3309.49,3361.46,3320.68
185,14198.67,12894.39,9560.4,6803.31,7148.56,7752.19,8245.97,8865.07,9196.05,8359.6,8900.59,9529.22,10146.56,10614.33,11599.64,12277.98,12955.95,13846.28,14691.78,14347.86,14510.96,14923.8,14894.2,15399.78,15226.32,15578.2,16182.82,16611.02,17452.8,18306.78,18231.01
186,14632.33,14837.29,15827.06,16461.2,15900.16,15538.75,16065.42,17777.26,18897.93,18877.25,18992.82,18545.23,18204.96,17328.18,16896.7,18333.25,19644.69,21581.49,20651.13,20342.88,20960.75,23216.31,23279.53,24228.88,24929.55,25583.55,26395.39,27309.76,27529.5,27611.12,24427.71
187,1453.14,1477.44,1196.79,1218.5,1200.09,1105.58,1122.7,1051.2,1058.68,1018.92,1057.74,955.3,1156.18,1206.68,1231.16,1238.39,1250.05,1314.61,1353.05,1365.22,1406.18,1461.36,1645.76,1942.88,1987.07,1543.71,1602.13,1633.73,1654.6,1705.19,1637.3
188,37412.33,38794.89,40146.36,43630.4,46975.56,48851.44,50410.28,52801.5,49917.37,52354.58,56106.73,54029.73,55634.72,59022.1,64011.43,67125.56,70915.99,74159.39,71629.83,69585.84,78294.03,81538.37,83112.01,85732.8,87959.42,89519.74,91307.5,95350.44,98222.85,98411.58,93397.05
189,22380.38,23163.68,24727.24,25631.97,26567.37,27803.85,28932.93,30567.18,31679.03,31867.59,32965.97,33716.16,33973.65,34736.04,36918.83,38124.26,40069.18,41855.28,42272.78,41969.4,43543.89,46392.87,45401.7,43523.54,42946.68,41852.4,40857.77,37914.12,35342.11,36099.64,36099.64
190,14709.21,12526.02,11695.35,11872.31,12559.46,13254.53,14102.08,14910.19,15497.15,15464.94,15666.54,16205.93,16942.88,17886.36,18834.39,20079.91,21784.33,24136.97,25460.74,24039.66,25528.75,26168.28,26478.6,26623.35,27322.14,28719.86,29236.92,30061.55,31159.02,31927.59,30509.77
191,21813.32,19774.56,18642.18,19135.78,20091.34,21480.33,22182.21,23333.72,24151.54,25421.29,26276.94,27079.47,27994.06,28805.39,30041.81,31128.83,32812.74,34907.37,36075.47,33052.23,33350.61,33568.07,32613.49,32234.03,33093.75,33799.73,34853.04,36507.55,37984.13,38946.69,37091
192,2318,2388.82,2617.06,2645.58,2779.92,2975.28,2939.34,2832.05,2790.24,2701.37,2253.61,2018.94,1910.72,1982.68,2061.39,2122.96,2174.53,2220.38,2296.89,2301.59,2439.86,2551.26,2530.76,2594.46,2551.4,2518.65,2596.55,2663.94,2697.65,2660.98,2482.87
193,526,508.67,477.88,464.8,450.91,458.69,470.7,479.29,478.59,481.03,479.89,491.75,495.96,504.73,522.6,543.64,567.58,595.21,621,629.75,652.61,684.79,719.87,732.09,765.05,847.13,878.48,867.45,898.87,940.5,935.76
194,11260.89,10874.82,10379.98,10253.19,10338.62,10434.88,10676.1,10763.48,10645.24,10739.37,11033.86,11181.69,11449.82,11644.1,12027.08,12506,13040.98,13563.73,13811.06,13410.72,13618.73,13837.67,13946.95,14066.1,14040.83,14010.1,13897.14,13860.27,13875.94,13709.97,12665.83
195,1602.89,1679.31,1744.03,1776.87,1748.3,1804.75,1861.15,2002.99,2033.1,2039.36,2109.56,2185.04,2261.47,2369.24,2393.42,2501.96,2678.34,2905.68,3048.3,3064.4,3089.57,3379.69,3785.73,3947.2,4124.51,4187.86,4234.76,4327.78,4344.53,4185.6,4022.87
196,27543.92,28173.39,28296.26,27859.54,28388.01,29042.34,29691.1,30661.65,31876.44,33173.12,34757.62,35874.75,36337.56,36750.44,37249.77,37963.37,38858.47,39520.82,39240.4,37430.68,37319.48,36884.26,35769.46,35371.74,35968.62,37377.07,38477.58,39528.93,40256.95,40803.63,36219.94
197,3878.31,4008.14,4137.05,4376.13,4577.86,4790.35,4938.71,5225.58,5443.48,5647.56,5949.97,5816.47,5999.26,6302.22,6589.46,6944.23,7419.41,7865.37,8274.18,8507.59,9126.87,9827.62,10712.4,10990.07,11428.11,11890.52,12287.47,12584.1,12860.32,13070.13,12536.94
198,3583.49,3172.63,3627.49,3706.18,3951.21,4047.13,3916.93,4294.75,4786.48,5052.06,4503.25,3980.93,3395.86,3774.13,4485.53,4866.03,4695.99,4750.93,4965.37,5250.12,5411.07,5782.69,5985.68,6118.26,5967.07,6048.98,6438.93,6401.74,6318.21,6245.45,5394.07
199,1602.89,1679.31,1744.03,1776.87,1748.3,1804.75,1861.15,2002.99,2033.1,2039.36,2109.56,2185.04,2261.47,2369.24,2393.42,2501.96,2678.34,2905.68,3048.3,3064.4,3089.57,3379.69,3785.73,3947.2,4124.51,4187.86,4234.76,4327.78,4344.53,4185.6,4022.87
200,13888.91,13993.14,13793.65,12647.88,12865.38,12668.78,12614.01,13158.1,13294.68,12952.45,13068.21,13456.21,13670.79,14361.99,15401.52,15908.3,16635.74,17284.63,17794,18120.32,18840.37,19716.93,20020.31,20379.87,20211,19317.05,18180.6,18283.69,19005.65,19036.75,15864.55
201,34156.82,33536.01,32953.62,32086.01,33110.83,34233.7,34719.11,35764.68,37286.1,38839.43,40625.36,41103.73,41870.26,42678.28,44354.39,45440.3,47292.31,48557.38,47963.49,45492.77,47791.37,48947.44,48300.84,48462.16,49259,50928.96,51334.43,51947.95,52349.29,52850.57,50923.11
202,56329.22,55120.11,54491.9,53929.86,54181,54078.95,54106.57,55201.2,56724.51,57440.05,59389.42,59944.78,59489.75,59022.35,60271.93,61613.39,63686.25,65641.71,66598.86,64404.08,65819.74,66342.01,66440.29,66877.16,67682.69,68025.92,68663.24,69103.57,70597.29,70944.35,68752.77
203,9935.93,10304.54,10936.71,11013.48,10900.73,10777.3,10406.51,9651.39,9559.76,8703.96,8384.44,8210.84,8233.14,7639.22,7710.19,7695.2,7546.56,7412.9,7217,7201.84,7129.78,6537.57,5280.14,4509.27,3866.34,3333.84,3379.77,3544.21,3662.37,3854.55,3854.55
204,4092.86,3720.02,2592.32,2131.99,1652.51,1425.83,1170.15,1172.37,1216.43,1242.42,1324.91,1428.37,1555.95,1696.82,1837.65,1924.12,2019.17,2133.49,2255.02,2293.71,2390.02,2510.16,2637.65,2767.84,2884.2,2984.49,3113.25,3252.93,3415.32,3581.41,3657.57
205,7102.06,7619.04,8152.5,8745.55,9358.71,10017.93,10467.45,10059.38,9180.02,9489.82,9809.62,10053.82,10583.76,11260.16,11886.32,12304.4,12837.88,13460.06,13620.53,13458.53,14399.04,14450.48,15424.54,15767.36,15854.13,16285.39,16782.1,17422.95,18095.74,18453.47,17284.7
206,1849.84,1905.84,1970.7,2047.69,2142.85,2265.48,2396.3,2477.34,2237.11,2248.8,2328.06,2658.01,2422.16,2308.24,2258.38,2271.54,2132.31,2305.87,2522.19,2729.28,2931.43,3051.24,3143.28,3182.74,3266.73,3295.3,3342.61,3177.49,3094.13,3626.67,3925.95
207,1787.17,1733.92,1629.92,1355.31,1523.74,1602.2,1694.65,1879.04,1777.76,1765.48,1700.44,1667.65,1686.67,1754.91,1694.15,1573.68,1573,1513.16,1532.42,1573.97,1625.55,1683.86,1746.93,1805.49,1863.28,1920.47,1976.81,2012.24,2061.33,2121.9,2107.88
208,NaN,NaN,NaN,NaN,NaN,NaN,NaN,NaN,NaN,NaN,NaN,NaN,NaN,NaN,NaN,NaN,NaN,NaN,NaN,NaN,NaN,NaN,NaN,NaN,NaN,NaN,NaN,NaN,NaN,NaN,NaN
209,3765.39,3999.62,4003.18,4145.96,4342.97,4652.09,4721.57,4761.83,4858.05,5015.63,5034.42,5195.57,5417.69,5511.12,5344.83,5312.37,5262.44,5232.32,5438.08,5129.89,5166.93,5541.77,5632.09,5703.42,5861.46,5944.45,6312.33,6467.12,6411.29,6378.13,6347
210,10080.84,10327.05,11299.7,11161.63,11505,11898.83,12713.82,13645.41,14732.28,15886.46,16939.53,17583.65,18896.25,21518.01,23110.75,24424.86,27522.37,28700.88,29538.91,28103.27,28879.29,28621.11,28798.5,29247.01,28796.56,29053.33,27281.86,26342.62,26250.37,25827.89,23722.48
211,5795.57,5889.43,6212.04,6216.66,6291.25,6328.07,6676.43,6943.95,7188.34,7541.31,7819.43,8045.37,8087.9,8405.2,8860.73,9092.99,9481.25,10015.76,10330.24,10532.11,10789.61,10504.73,10810.03,10934.88,11118.92,11112.85,11113.77,11234.49,11385.37,11417.13,10260.07
212,12629.47,12507.31,12923.08,13689.66,12844.21,13637.62,14413.16,15261.54,15384.55,14653.7,15433.59,14330.42,15031.22,15670.42,16968.87,18251.67,19277.53,20009.69,19933.07,18731.52,20027.67,21932.29,22610.68,24117.66,24881.73,25958.64,26385,27913.82,28318.44,28197.25,28393.47
213,7207.93,6685.07,5523.29,5451.06,4393.76,3987.55,4175.82,3642.19,3849.21,4431.46,4622.08,4772.18,4736.78,4843.57,5034.25,5629.07,6174.74,6773.1,7665.45,8015.81,8616.89,9717.64,10604,11471.18,12421.37,12993.53,13562.53,14205.03,14845.34,15538.42,15538.42
214,13588.48,14159.4,14511.39,15328.83,16456.96,16815.49,17315.24,17911.6,19001.83,19739.33,19741.36,19563.66,21020.52,21372.73,22414.39,24387.15,27583.75,28185.16,29788.75,23404.74,23298.16,23761.21,23049.45,22849.58,24392.02,26693.1,28175.25,27060.59,28160.89,29251.08,21126.95
215,2610.77,2673.79,2719.39,2805.31,3072.08,2906.1,2727.28,2996.56,3459.58,3401.1,3350.88,3374.73,3597.23,3430.47,3333.68,3167.25,3196.31,3365.7,3600.56,3408.57,3281.5,3493.28,3322.39,3440.82,3447.8,3720.31,3787.82,3896.75,3945.56,4274.76,4411
216,913.73,932.29,932.57,977.86,1008.01,1090.04,1153.91,1177.89,1200.45,1259.74,1260.98,1286.17,1355.24,1397.8,1446.15,1489.78,1599.22,1679.96,1769.52,1830.95,1873.51,1985.27,1996.92,2002.72,2035.58,2067.59,2088.65,2074.65,2124.79,2182.9,2175.03
217,15751.72,14396.63,12962.94,11112.68,8606.61,7616.55,6915.98,6769.92,6700.9,6750.84,7221.47,7969.42,8467.8,9349.13,10561.01,10957.56,11852.65,12829.03,13195.88,11298.39,11778.31,12466.81,12527.47,12552.67,12408.95,11237.07,11534.64,11871.12,12338,12808.8,12377.02
218,111454.06,106103.55,103470.92,98978.47,100213.16,101570.99,102211.64,105109,100100.44,97698.54,102494.71,98621.54,95909.15,97795.03,97757.86,90894.9,86425.9,76620.32,68798.42,58374.62,54921.8,56122.58,57389.32,59920.15,62452.18,65267.42,66510.89,67183.61,66968.22,68263.68,63299.42
219,31217.22,30777.53,30817.52,31509.19,32637.84,33375.71,34099.32,35681.24,36699.52,37671.07,38915.2,39569.15,40238.59,41265.17,41997.61,42791.9,43576.2,44219.49,43767.7,41592.93,42147.77,42429.21,42754.54,43271.83,44239.15,45041.06,45712.78,46372.39,46853.2,47368.58,42535.58
220,1392.22,1374.65,1336.38,1307.67,1286.49,1294.01,1317.56,1331.37,1349.21,1382.11,1409.45,1456.57,1518.09,1574.78,1645.84,1719.73,1781.28,1848.99,1899.48,1943.04,2006.97,2098.28,2128.53,2205.95,2284.96,2354.14,2441.64,2530.6,2590.2,2660.42,2635.34
221,40436.94,39856.99,40692.64,41264.66,42403.93,43026.72,44133.48,45516,47004.61,48676.66,50124.89,50126.72,50528.79,51529.73,52994.55,54353.07,55368.36,55873.24,55271.66,53399.37,54315.91,54758.83,55581.41,56214.43,57213.27,58540.3,59112.24,60109.66,61585.76,62630.87,60138.45
222,NaN,NaN,NaN,NaN,NaN,NaN,NaN,NaN,NaN,NaN,NaN,NaN,NaN,NaN,NaN,NaN,NaN,NaN,NaN,NaN,NaN,NaN,NaN,NaN,NaN,NaN,NaN,NaN,NaN,NaN,NaN
223,11066.13,11377.03,12190.65,12422.96,13230.03,12945,13569.81,14627.13,15191.05,14820.12,14482.75,13901.99,12824.87,12937.43,13593.73,14606.47,15188.64,16151.37,17266.53,17948.43,19293.74,20231.57,20885.11,21786.21,22419.04,22425.83,22724.02,23009.87,23035.08,23032.73,21608.43
224,3638.88,3544.59,3074.66,2936.45,2729.64,2656.63,2650.61,2736.36,2808.46,2897.82,2967.6,3052.28,3134.96,3229.85,3430.63,3626.62,3849.59,4154.7,4457.7,4736,4953.96,5185.68,5472.83,5781.16,6075.19,6401.12,6663.95,6840.71,7082.93,7348.15,7331.86
225,2855.9,2864.82,2854.46,2793.24,2965.5,2923.44,2929.46,3017.05,2999.91,2955.69,3068.1,2897.36,2679.92,2724.14,2761.12,2835.93,3002.86,3017.52,3112.33,3129.65,3088.98,3101.33,3046.69,2975.9,2984.61,2915.7,2973.47,3081.84,3093.46,3137.24,2854.29
226,14488.94,15608.08,16293.76,16066.64,15449.27,15798.07,15539.51,16285.8,16116,14946.52,15299.83,15633.79,14057.09,12823.85,14994.15,16340.47,17772.14,19010.33,19702.47,18853.82,18703.62,19403.87,20281.89,23430.94,22215.06,20558.52,16640.79,14082.33,11710.5,7784.13,7784.13
227,1673.25,1736.01,1847.62,1957.64,2091.6,2252.63,2425.53,2587.06,2701.77,2797.79,2954.98,3105.64,3269.88,3462.88,3689.73,3931.77,4167.11,4422.29,4628.03,4830.31,5089.41,5352.02,5574.49,5815.18,6098.54,6438.26,6767.78,7155.44,7585.94,8041.18,8200.33
228,NaN,NaN,NaN,NaN,NaN,NaN,NaN,NaN,NaN,NaN,NaN,NaN,NaN,NaN,NaN,NaN,NaN,NaN,NaN,NaN,NaN,NaN,NaN,NaN,NaN,NaN,NaN,NaN,NaN,NaN,NaN
229,NaN,NaN,NaN,NaN,NaN,NaN,NaN,NaN,NaN,NaN,NaN,NaN,NaN,NaN,NaN,NaN,NaN,NaN,NaN,NaN,NaN,NaN,NaN,NaN,NaN,NaN,NaN,NaN,NaN,NaN,NaN
230,3960.37,4004.03,4110.96,4059.16,4127.74,4180.5,4215.77,4294.61,4421.96,4461.4,4605.61,4645.99,4693.08,4730.7,4779.78,4904.64,4917.4,4938.05,4973.99,5022.68,5261.93,4469.91,4457.88,4554.1,4432.73,3109.69,2740.12,2538.84,2498.35,2509.36,2509.36
231,2190.18,2133.69,2045.97,2133.26,1902.39,1908.7,1974.62,1994.85,1933,1968.22,1990.86,2042.54,2080.2,2168.33,2261.77,2362.9,2483.21,2619.72,2747.44,2917.52,3125.53,3201.29,3339.27,3399.7,3450.04,3443.55,3467.89,3485.02,3521.55,3470.44,3277.82
232,4166.53,4294.67,3828.8,3801.99,4090.8,4043.77,4412.28,4486.99,4579.58,4513.07,4353.37,4400.33,3998.77,3311.44,3109.35,2917.98,2798.72,2674.38,2179.85,2413.13,2849.08,3203.87,3674.87,3681.95,3703.9,3707.62,3678.22,3795.64,3923.03,3630.03,3353.41