GINI Index,1990,1991,1992,1993,1994,1995,1996,1997,1998,1999,2000,2001,2002,2003,2004,2005,2006,2007,2008,2009,2010,2011,2012,2013,2014,2015,2016,2017,2018,2019,2020
1,44.484,44.484,44.484,44.484,44.484,44.484,44.484,44.484,44.484,44.484,44.484,44.484,44.484,44.484,44.484,44.484,44.484,44.484,44.484,44.136,43.787,43.439,43.09,43.497,43.904,44.311,44.718,45.125,45.125,45.125,45.125
2,32.926,32.926,32.926,32.926,32.926,32.926,32.926,33.496,34.067,34.637,35.207,35.777,36.348,36.068,35.788,35.508,35.333,35.158,34.983,34.813,34.644,34.475,34.305,36.386,38.468,37.095,37.817,37.349,36.351,35.634,34.758
3,41.563,41.084,40.605,40.127,39.648,39.169,38.835,38.5,38.166,37.831,37.497,37.162,36.828,36.493,36.159,35.824,35.49,35.155,34.821,34.486,34.152,33.817,33.483,33.483,33.483,33.483,33.483,33.483,33.483,33.483,33.483
4,NaN,NaN,NaN,NaN,NaN,NaN,NaN,NaN,NaN,NaN,NaN,NaN,NaN,NaN,NaN,NaN,NaN,NaN,NaN,NaN,NaN,NaN,NaN,NaN,NaN,NaN,NaN,NaN,NaN,NaN,NaN
5,30.604,30.604,30.604,30.604,30.604,30.604,30.604,30.604,30.604,30.604,30.604,30.604,30.604,30.604,30.64,30.677,30.713,30.749,30.786,30.822,30.859,30.895,30.932,30.968,31.005,31.041,31.078,31.078,31.078,31.078,31.078
6,62.807,62.807,62.807,62.807,62.807,62.807,62.807,62.807,62.807,62.807,62.807,62.807,62.028,61.248,60.468,59.688,58.909,58.129,57.349,56.57,57.155,57.74,58.325,58.91,59.495,60.08,60.665,61.25,61.835,62.42,62.42
7,50.267,50.231,50.195,50.374,50.553,50.419,50.285,50.767,51.29,51.845,52.288,52.171,51.863,51.412,50.817,49.997,49.421,49.464,49.311,49.26,48.788,48.128,47.68,47.643,47.278,47.011,47.18,47.384,47.9,48.39,48.968
8,50.267,50.231,50.195,50.374,50.553,50.419,50.285,50.767,51.29,51.845,52.288,52.171,51.863,51.412,50.817,49.997,49.421,49.464,49.311,49.26,48.788,48.128,47.68,47.643,47.278,47.011,47.18,47.384,47.9,48.39,48.968
9,44.818,45.079,43.13,42.497,43.366,46.227,46.606,46.494,48.311,47.263,48.615,50.352,49.571,46.422,43.707,42.617,44.08,43.577,41.215,41.135,41.002,40.591,38.775,38.643,39.059,39.176,39.293,38.78,39.497,39.882,39.954
10,44.142,44.142,44.142,44.142,44.142,44.142,44.142,41.935,39.728,37.521,37.244,36.968,36.564,35.164,38.385,37.337,32.866,33.986,32.446,31.64,33.074,32.536,32.761,33.484,34.076,34.752,34.8,35.652,36.209,32.902,29.505
11,50.267,50.231,50.195,50.374,50.553,50.419,50.285,50.767,51.29,51.845,52.288,52.171,51.863,51.412,50.817,49.997,49.421,49.464,49.311,49.26,48.788,48.128,47.68,47.643,47.278,47.011,47.18,47.384,47.9,48.39,48.968
12,33.11,33.078,33.046,33.014,32.982,32.95,33.081,33.211,33.341,33.471,33.602,33.732,33.731,33.73,33.155,33.735,34.315,34.895,35.475,35.145,34.815,34.729,34.643,34.557,34.471,34.111,33.751,34.044,34.337,34.337,34.337
13,26.185,27.236,28.288,29.339,30.39,31.442,31.058,30.674,30.291,29.85,29.409,28.969,29.167,29.364,29.562,29.897,28.754,29.656,30.586,30.383,31.417,30.359,30.944,30.607,31.043,30.662,30.722,30.994,29.982,30.978,30.388
14,36.544,36.544,36.544,36.544,36.544,36.544,36.748,36.953,37.158,37.363,37.568,37.773,29.528,30.71,30.493,30.44,28.912,27.384,25.857,24.329,22.801,21.273,19.745,18.217,16.69,15.162,16.511,17.86,19.21,19.21,19.21
15,50.15,50.284,50.418,50.551,50.685,50.819,50.953,51.086,51.22,51.354,51.487,51.621,51.491,51.36,51.23,51.1,50.969,50.839,50.708,50.578,50.447,50.317,50.187,50.056,50.056,50.056,50.056,50.056,50.056,50.056,50.056
16,37.213,37.126,37.022,36.906,37.146,37.397,37.656,37.917,38.003,38.087,38.165,38.177,38.451,38.795,38.82,38.959,38.42,37.999,37.97,38.083,37.942,37.521,37.641,37.224,37.174,37.2,36.433,35.61,35.161,34.591,34.648
17,42.426,42.744,43.062,43.38,43.698,44.016,44.334,44.652,44.97,45.288,45.606,45.924,46.242,46.56,46.878,47.196,47.067,46.938,46.809,46.68,46.55,46.891,47.232,47.573,47.914,48.255,48.596,48.596,48.596,48.596,48.596
18,50.441,50.735,51.029,51.322,51.616,51.91,52.203,52.497,52.791,53.085,53.378,53.672,53.966,54.26,54.553,54.847,55.141,55.435,55.728,56.022,56.316,56.316,56.316,56.316,56.316,56.316,56.316,56.316,56.316,56.316,56.316
19,24.342,25.153,25.963,26.773,27.584,28.394,30.461,32.528,34.594,34.363,33.931,33.525,33.331,32.25,30.531,31.334,31.831,32.771,31.49,31.416,32.08,30.999,30.541,30.538,31.016,29.896,29.663,29.744,29.606,29.621,28.885
20,25.324,25.139,24.954,25.815,26.675,27.536,28.397,26.875,28.381,29.886,31.392,32.898,31.37,29.841,28.313,30.762,29.281,29.063,29.48,28.407,28.421,28.458,28.302,27.91,27.864,27.903,27.814,27.677,27.29,27.106,27.1
21,59.216,59.216,59.216,59.216,59.813,57.891,55.969,59.442,54.589,53.084,53.084,53.084,53.084,53.084,53.084,53.084,53.084,53.084,53.084,53.084,53.084,53.084,53.084,53.084,53.084,53.084,53.084,53.084,53.084,53.084,53.084
22,51.347,51.514,51.681,51.849,52.016,52.183,52.35,52.518,52.685,52.852,53.02,53.187,53.354,53.521,53.921,54.321,54.721,55.122,55.522,55.922,56.322,56.722,57.122,58.116,59.109,60.103,58.325,56.546,54.768,52.989,52.989
23,52.823,52.823,52.823,52.823,52.823,52.823,52.823,52.823,52.823,52.823,52.823,52.823,52.823,52.823,52.337,51.852,51.367,50.882,50.98,51.079,51.177,51.275,51.374,51.172,50.971,50.769,50.568,50.366,50.366,50.366,50.366
24,58.033,57.84,57.648,56.781,55.914,56.485,57.056,57.627,57.391,57.154,62.683,59.791,60.62,57.48,54.34,63.111,60.274,58.074,50.724,50.692,48.763,46.834,47.163,47.806,46.831,45.207,46.35,45.989,43.706,42.778,44.762
25,NaN,NaN,NaN,NaN,NaN,NaN,NaN,NaN,NaN,NaN,NaN,NaN,NaN,NaN,NaN,NaN,NaN,NaN,NaN,NaN,NaN,NaN,NaN,NaN,NaN,NaN,NaN,NaN,NaN,NaN,NaN
26,29.886,29.535,29.184,28.833,28.482,28.131,27.78,27.428,27.44,26.085,32.086,32.766,33.793,34.819,35.846,35.597,35.348,35.099,35.093,35.088,35.082,35.077,35.077,35.077,35.077,35.077,35.077,35.077,35.077,35.077,35.077
27,60.763,61.323,61.883,62.444,63.004,63.373,63.743,64.113,64.482,64.852,65.222,65.591,65.961,66.331,65.866,65.401,64.936,64.471,64.007,63.542,63.077,62.213,61.348,60.484,59.62,58.756,57.891,57.891,57.891,57.891,57.891
28,57.819,57.828,57.837,57.846,57.652,57.457,57.149,56.718,56.37,55.87,55.943,56.017,55.597,54.702,53.933,53.907,53.464,52.59,51.717,50.843,50.341,49.838,49.385,48.932,49.565,50.197,50.829,51.109,51.683,51.254,49.713
29,50.267,50.231,50.195,50.374,50.553,50.419,50.285,50.767,51.29,51.845,52.288,52.171,51.863,51.412,50.817,49.997,49.421,49.464,49.311,49.26,48.788,48.128,47.68,47.643,47.278,47.011,47.18,47.384,47.9,48.39,48.968
30,30.612,30.612,30.612,30.612,30.612,30.612,30.612,30.612,30.612,30.612,30.612,30.612,30.612,30.612,30.612,30.612,29.996,29.38,28.764,28.149,27.533,26.917,27.149,27.38,27.611,27.843,28.074,28.074,28.074,28.074,28.074
31,24.53,27.691,30.852,31.599,35.287,36.804,34.487,34.344,32.134,30.901,30.775,31.357,34.146,32.216,32.166,32.116,32.067,36.05,36.149,33.606,33.822,35.593,34.288,35.996,36.555,37.413,38.519,40.506,40.237,41.159,40.224
32,77.085,77.085,77.085,77.085,77.085,77.085,76.863,76.64,76.417,75.149,73.881,72.613,71.345,70.077,69.481,68.886,68.291,67.695,67.1,66.505,65.627,64.749,63.871,62.993,62.114,64.54,66.966,69.392,71.818,74.244,74.244
33,49.584,49.584,49.584,50.506,51.428,52.35,53.273,54.195,55.117,56.039,55.108,54.176,53.245,52.313,51.382,50.45,49.519,50.001,50.483,50.965,51.448,51.93,52.412,52.894,53.377,53.377,53.377,53.377,53.377,53.377,53.377
34,63.431,63.431,63.431,63.431,63.431,63.431,63.431,63.431,63.431,63.431,63.431,63.431,63.431,62.817,62.203,61.59,60.976,60.362,59.748,59.272,58.795,58.318,57.841,57.364,56.888,56.411,56.411,56.411,56.411,56.411,56.411
35,45.632,45.632,45.632,45.632,45.632,46.173,46.715,47.256,45.928,44.6,43.281,41.962,40.643,39.325,38.006,39.357,40.709,42.061,37.79,37.427,36.575,35.338,34.572,34.572,34.572,34.572,34.572,34.572,34.572,34.572,34.572
36,57.796,57.796,57.796,57.796,57.796,57.796,57.796,57.446,57.096,56.746,56.396,56.046,56.142,56.237,56.333,56.429,56.524,56.62,57.023,57.426,57.829,58.231,58.634,59.037,59.44,59.44,59.44,59.44,59.44,59.44,59.44
37,31.314,31.201,31.087,31.521,31.955,32.389,32.823,33.177,33.282,33.081,33.48,33.627,33.62,33.891,33.838,33.628,34.07,33.826,33.926,33.993,33.613,32.691,33.563,33.817,33.171,33.747,32.776,33.327,32.534,32.534,32.534
38,50.267,50.231,50.195,50.374,50.553,50.419,50.285,50.767,51.29,51.845,52.288,52.171,51.863,51.412,50.817,49.997,49.421,49.464,49.311,49.26,48.788,48.128,47.68,47.643,47.278,47.011,47.18,47.384,47.9,48.39,48.968
39,69.188,69.188,69.188,69.188,67.974,66.757,65.54,64.322,63.105,61.888,60.67,59.453,58.236,57.019,58.743,60.468,62.193,63.918,65.642,65.642,65.642,65.642,65.642,65.642,65.642,65.642,65.642,65.642,65.642,65.642,65.642
40,49.693,50.045,50.398,50.75,51.103,51.456,51.808,52.161,52.513,52.866,53.219,53.571,53.924,54.276,54.599,54.921,55.243,55.565,55.887,56.209,56.531,56.853,56.318,55.783,55.247,54.712,54.177,53.641,53.106,52.571,52.571
41,52.733,52.681,52.629,52.834,53.04,52.746,52.451,52.948,53.444,54.158,54.873,54.259,53.646,53.032,52.019,51.005,49.992,49.968,49.945,49.922,49.398,48.875,48.643,48.411,47.976,47.541,47.904,48.268,49.001,49.735,50.469
42,35.906,36.454,37.001,37.549,38.096,38.644,39.191,39.739,40.286,41.163,42.04,42.917,43.794,44.672,44.583,44.495,44.406,44.317,44.229,44.14,44.052,43.963,43.875,43.786,43.018,42.5,42.678,43.094,43.927,43.49,43.501
43,32.793,32.99,34.179,35.368,36.558,37.747,38.937,39.072,39.207,39.343,39.478,39.613,39.686,39.759,39.832,39.905,39.978,40.034,40.089,40.145,40.2,40.256,40.223,40.191,40.159,40.126,40.094,40.094,40.094,40.094,40.094
44,31.399,31.614,31.883,31.785,32.123,32.464,32.538,32.578,33.602,33.697,33.789,33.888,33.969,34.049,34.067,34.056,34.023,34.188,34.409,34.418,33.641,32.891,32.919,33.014,33.09,33.057,32.996,33.036,33.069,33.073,33.078
45,52.534,52.186,54.547,56.909,59.271,58.217,57.163,56.109,56.317,56.525,55.37,54.214,56.085,54.055,54.895,55.149,53.997,57.804,56.198,54.427,54.535,53.883,52.41,52.454,52.384,50.672,50.569,49.641,50.122,51.681,54.01
46,65.718,65.718,65.718,65.718,65.718,65.718,65.718,65.718,65.718,65.718,65.718,65.718,65.718,65.718,65.718,64.995,64.272,63.549,62.826,62.103,61.38,60.657,59.934,59.211,58.488,58.488,58.488,58.488,58.488,58.488,58.488
47,59.873,59.873,59.873,59.873,59.873,59.873,59.873,59.873,59.873,59.873,59.873,59.873,59.873,59.873,59.873,59.873,60.018,60.164,60.31,60.456,60.602,60.747,60.893,60.893,60.893,60.893,60.893,60.893,60.893,60.893,60.893
48,NaN,NaN,NaN,NaN,NaN,NaN,NaN,NaN,NaN,NaN,NaN,NaN,NaN,NaN,NaN,NaN,NaN,NaN,NaN,NaN,NaN,NaN,NaN,NaN,NaN,NaN,NaN,NaN,NaN,NaN,NaN
49,44.999,46.348,45.595,45.716,46.769,45.722,46.558,45.913,46.086,48.067,47.764,49.583,49.503,47.972,48.429,47.426,48.871,49.558,48.929,51.146,48.93,49.625,49.898,50.732,49.632,49.441,49.7,49.294,49.023,49.304,48.838
50,54.943,55.582,56.221,56.86,57.429,57.998,57.487,56.977,56.466,57.025,57.583,58.142,58.7,58.293,57.886,57.479,57.072,56.665,56.258,56.868,57.478,58.088,58.698,59.308,59.918,60.528,59.473,58.419,57.364,56.309,56.309
51,29.886,29.535,29.184,28.833,28.482,28.131,27.78,27.428,28.787,27.651,31.365,31.157,30.668,30.179,29.69,30.678,31.666,32.655,33.643,33.133,32.622,32.396,32.347,32.491,32.033,32.107,31.152,30.915,30.359,29.736,28.912
52,48.859,48.859,48.859,48.859,48.859,48.859,48.859,48.859,48.859,48.859,48.859,48.859,48.859,48.859,48.859,48.859,48.859,48.859,48.859,48.859,48.859,48.859,48.859,48.859,48.859,48.859,48.859,48.859,48.859,48.859,48.859
53,50.267,50.231,50.195,50.374,50.553,50.419,50.285,50.767,51.29,51.845,52.288,52.171,51.863,51.412,50.817,49.997,49.421,49.464,49.311,49.26,48.788,48.128,47.68,47.643,47.278,47.011,47.18,47.384,47.9,48.39,48.968
54,30.042,30.042,30.042,30.042,30.042,30.042,30.042,30.042,30.042,30.042,30.042,30.042,30.042,30.042,30.042,30.042,30.211,30.984,30.939,31.544,32.073,31.465,32.56,34.23,36.936,35.49,33.922,32.873,31.396,32.694,31.185
55,21.549,22.312,22.048,20.664,21.941,23.218,24.494,25.771,25.898,26.025,26.152,26.279,26.406,26.534,26.943,27.352,26.738,26.123,25.509,25.861,26.214,26.567,26.567,26.567,26.567,26.253,25.939,25.625,25.091,25.216,25.491
56,0,0,0,0,0,0,0,0,0,0,0,0,0,0,0,0,0,0,0,0,0,0,0,0,0,0,0,0,0,0,0
57,55.937,55.937,55.937,55.937,55.937,55.937,55.937,55.937,55.937,55.937,55.937,55.937,55.937,55.937,55.937,55.937,55.946,55.955,55.964,55.972,55.981,55.99,55.999,56.008,56.008,56.008,56.008,56.008,56.008,56.008,56.008
58,25.462,25.135,24.809,24.196,23.583,22.971,23.139,23.306,23.474,23.642,23.81,23.925,24.04,24.155,24.27,24.657,25.043,25.43,25.672,25.913,26.155,26.025,25.896,25.766,25.952,26.138,26.324,26.288,26.889,26.391,26.443
59,48.771,48.771,48.771,48.771,48.771,48.771,48.771,47.727,46.683,45.639,44.595,43.551,42.507,42.886,43.264,43.643,44.021,44.4,44.779,45.157,45.536,45.915,46.293,45.567,45.11,44.654,44.197,43.741,43.741,43.741,43.741
60,55.805,55.805,55.805,55.805,55.805,55.805,55.805,55.805,55.805,55.805,55.805,55.805,55.805,55.805,55.805,55.805,55.805,55.805,55.805,55.805,55.805,55.805,55.805,55.805,55.805,55.805,55.805,55.805,55.805,55.805,55.805
61,49.785,49.993,50.202,49.347,48.492,47.637,46.782,47.965,48.931,49.897,50.863,49.259,49.636,50.422,50.152,50.512,52.344,49.287,48.654,49.596,48.078,48.165,46.649,48.266,44.974,45.773,43.181,43.053,43.826,43.006,40.33
62,47.344,47.851,48.358,48.866,49.373,48.968,48.562,48.156,50.969,53.782,55.297,53.138,52.704,52.271,52.225,51.855,51.439,52.932,49.227,48.23,48.905,45.559,46.55,46.827,44.791,46.024,44.804,44.2,45.365,45.369,46.348
63,36.018,35.674,35.282,34.889,34.496,34.103,33.71,34.35,34.989,35.629,36.268,36.1,35.932,35.764,35.597,35.429,35.067,34.705,34.343,33.982,33.488,32.995,32.432,31.868,34.324,36.779,36.325,35.871,35.418,35.418,35.418
64,51.749,51.997,50.974,49.951,48.928,47.904,48.001,48.098,48.652,49.207,50.409,51.07,50.521,49.727,48.061,50.254,47.276,46.652,47.021,47.39,45.218,44.423,43.627,44.953,43.144,42.493,41.851,39.868,40.53,40.58,42.121
65,55.866,55.866,55.866,55.866,55.866,55.866,55.866,55.866,55.866,55.866,55.866,55.866,55.866,55.866,55.866,55.866,55.866,55.866,55.866,55.866,55.866,55.866,55.866,55.866,55.866,55.866,55.866,55.866,55.866,55.866,55.866
66,54.561,54.561,54.561,54.561,54.561,54.561,54.561,54.561,54.561,54.561,54.561,54.561,54.561,54.561,54.561,54.561,54.561,54.561,54.561,54.561,54.561,54.561,54.561,54.561,54.561,54.561,54.561,54.561,54.561,54.561,54.561
67,31.476,31.476,31.476,40.16,39.65,39.141,38.631,38.122,37.612,37.103,36.593,36.159,35.726,35.292,34.858,34.425,33.345,32.266,31.187,31.512,31.838,32.164,33.121,34.078,35.035,33.793,32.551,31.309,30.434,30.453,30.809
68,68.467,68.467,68.467,68.467,68.467,68.467,67.731,66.993,66.255,65.517,64.779,64.041,63.906,63.771,63.636,63.501,63.366,63.231,63.096,62.962,62.826,63.136,63.446,63.755,64.065,64.374,64.684,64.994,64.994,64.994,64.994
69,57.308,57.308,57.308,57.308,57.308,57.308,57.308,54.743,52.178,49.613,47.047,47.01,46.973,46.936,46.899,46.862,47.295,47.728,48.161,48.593,49.026,49.459,49.744,50.028,50.313,50.598,50.883,50.883,50.883,50.883,50.883
70,NaN,NaN,NaN,NaN,NaN,NaN,NaN,NaN,NaN,NaN,NaN,NaN,NaN,NaN,NaN,NaN,NaN,NaN,NaN,NaN,NaN,NaN,NaN,NaN,NaN,NaN,NaN,NaN,NaN,NaN,NaN
71,NaN,NaN,NaN,NaN,NaN,NaN,NaN,NaN,NaN,NaN,NaN,NaN,NaN,NaN,NaN,NaN,NaN,NaN,NaN,NaN,NaN,NaN,NaN,NaN,NaN,NaN,NaN,NaN,NaN,NaN,NaN
72,46.305,46.52,46.107,45.694,45.28,44.867,44.454,44.04,43.627,43.213,42.8,42.387,41.973,41.56,41.847,42.134,42.421,42.708,42.995,43.283,42.301,41.319,40.337,39.355,38.373,37.654,36.936,36.217,35.499,34.78,34.061
73,22.715,22.897,23.035,23.172,23.31,23.448,24.182,24.915,25.648,26.382,27.115,27.382,27.649,27.915,28.182,28.176,28.17,28.164,28.158,28.019,27.88,27.741,27.563,27.385,27.206,27.181,27.157,27.132,27.42,27.368,27.777
74,32.227,32.21,32.194,32.178,32.161,32.145,32.129,31.963,31.705,32.538,32.602,32.558,31.824,31.733,31.744,32.406,32.865,32.73,32.522,32.699,33.392,33.98,33.863,32.803,32.788,32.82,32.533,32.468,33.159,33.829,33.069
75,NaN,NaN,NaN,NaN,NaN,NaN,NaN,NaN,NaN,NaN,NaN,NaN,NaN,NaN,NaN,NaN,NaN,NaN,NaN,NaN,NaN,NaN,NaN,NaN,NaN,NaN,NaN,NaN,NaN,NaN,NaN
76,NaN,NaN,NaN,NaN,NaN,NaN,NaN,NaN,NaN,NaN,NaN,NaN,NaN,NaN,NaN,NaN,NaN,NaN,NaN,NaN,NaN,NaN,NaN,NaN,NaN,NaN,NaN,NaN,NaN,NaN,NaN
77,58.73,58.134,57.539,56.943,56.347,55.751,55.156,54.56,53.964,53.368,52.773,52.177,51.581,50.985,50.39,49.794,49.545,49.297,49.049,48.8,48.552,48.303,48.055,47.806,47.558,47.309,47.061,46.813,46.813,46.813,46.813
78,69.949,69.949,69.949,71.746,72.105,69.199,66.293,63.387,60.481,60.329,60.176,60.024,59.872,59.719,59.567,59.177,58.788,58.399,58.009,57.62,57.23,56.841,55.753,54.665,53.577,52.488,51.4,51.4,51.4,51.4,51.4
79,46.459,46.459,46.459,46.459,46.459,46.459,46.459,49.974,50.287,49.391,49.712,48.804,46.541,45.959,45.498,46.651,46.156,47.344,47.803,47.486,45.951,46.727,42.254,41.587,41.391,40.732,40.728,42.726,39.246,40.213,40.213
80,28.59,28.661,29.506,29.239,28.778,29.298,29.073,28.529,28.403,28.378,29.183,28.942,30.112,29.974,30.073,30.286,31.805,31.229,31.397,30.882,30.504,30.382,30.866,31.093,31.467,30.931,31.578,31.633,31.199,31.721,31.721
81,52.322,52.909,53.497,53.675,53.854,54.033,54.211,54.39,54.569,54.747,55.019,55.29,55.562,55.833,56.105,56.376,56.648,56.606,56.565,56.523,56.482,56.44,56.399,56.357,56.558,56.759,56.96,57.161,57.161,57.161,57.161
82,NaN,NaN,NaN,NaN,NaN,NaN,NaN,NaN,NaN,NaN,NaN,NaN,NaN,NaN,NaN,NaN,NaN,NaN,NaN,NaN,NaN,NaN,NaN,NaN,NaN,NaN,NaN,NaN,NaN,NaN,NaN
83,31.312,32.288,33.265,34.241,35.218,36.194,37.171,36.609,36.047,35.485,34.923,34.362,34.171,33.98,33.789,33.597,33.504,33.41,33.316,33.476,33.637,33.797,34.332,34.867,35.402,35.045,34.689,34.332,33.528,32.25,32.497
84,47.56,47.56,47.56,47.56,47.56,47.56,47.56,47.56,47.56,47.56,47.56,47.56,47.56,47.56,47.56,47.56,47.56,47.56,47.56,47.56,47.56,47.56,47.56,47.56,47.56,47.56,47.56,47.56,47.56,47.56,47.56
85,NaN,NaN,NaN,NaN,NaN,NaN,NaN,NaN,NaN,NaN,NaN,NaN,NaN,NaN,NaN,NaN,NaN,NaN,NaN,NaN,NaN,NaN,NaN,NaN,NaN,NaN,NaN,NaN,NaN,NaN,NaN
86,NaN,NaN,NaN,NaN,NaN,NaN,NaN,NaN,NaN,NaN,NaN,NaN,NaN,NaN,NaN,NaN,NaN,NaN,NaN,NaN,NaN,NaN,NaN,NaN,NaN,NaN,NaN,NaN,NaN,NaN,NaN
87,58.734,58.248,57.762,57.276,56.79,56.304,55.818,55.332,54.846,54.36,53.874,55,56.127,53.761,50.255,52.25,54.245,53.686,53.126,52.566,52.006,51.446,50.269,49.092,47.915,47.915,47.915,47.915,47.915,47.915,47.915
88,NaN,NaN,NaN,NaN,NaN,NaN,NaN,NaN,NaN,NaN,NaN,NaN,NaN,NaN,NaN,NaN,NaN,NaN,NaN,NaN,NaN,NaN,NaN,NaN,NaN,NaN,NaN,NaN,NaN,NaN,NaN
89,59.181,59.181,59.067,58.954,58.84,58.726,58.446,58.166,57.885,57.605,57.324,57.044,56.763,56.483,55.853,55.223,54.593,53.963,53.137,52.311,51.485,50.659,49.833,49.419,49.005,48.59,48.176,47.762,47.348,46.933,46.933
90,65.14,65.14,61.046,56.95,56.309,55.669,55.028,54.387,53.747,53.106,52.465,51.825,51.184,52.547,53.909,55.272,56.634,57.997,59.359,60.722,62.084,60.804,59.524,58.243,56.963,55.683,54.403,53.123,51.842,50.562,50.562
91,51.935,51.935,51.935,51.935,50.542,49.149,47.757,46.364,44.971,44.971,44.971,44.971,44.971,44.971,44.971,44.971,44.971,44.971,44.971,44.971,44.971,44.971,44.971,44.971,44.971,44.971,44.971,44.971,44.971,44.971,44.971
92,59.208,59.208,59.208,59.208,59.208,59.208,59.208,59.208,59.208,59.208,59.208,59.208,59.34,59.472,59.604,59.736,59.868,60,60.132,60.264,60.396,60.528,60.66,60.66,60.66,60.66,60.66,60.66,60.66,60.66,60.66
93,NaN,NaN,NaN,NaN,NaN,NaN,NaN,NaN,NaN,NaN,NaN,NaN,NaN,NaN,NaN,NaN,NaN,NaN,NaN,NaN,NaN,NaN,NaN,NaN,NaN,NaN,NaN,NaN,NaN,NaN,NaN
94,56.98,54.526,52.073,51.698,51.323,51.18,51.038,50.895,51.336,51.777,52.453,53.128,54.112,55.096,56.08,56.337,54.708,53.078,51.448,49.819,51.535,54.494,54.491,51.014,47.797,46.592,47.597,47.614,47.631,48.849,48.849
95,27.225,29.44,29.593,30.822,32.051,33.28,32.665,32.049,31.434,30.818,30.203,30.275,30.346,30.418,30.49,30.562,29.488,28.415,28.762,29.109,29.717,30.326,30.934,30.002,29.071,28.14,27.789,28.059,27.801,26.879,26.77
96,26.696,26.696,26.696,26.696,26.696,26.696,26.696,26.696,26.696,26.696,26.696,26.696,26.696,26.696,26.696,27.71,28.225,28.739,29.253,28.237,27.22,26.204,26.849,26.756,25.455,27.68,26.697,27.284,26.132,26.132,26.132
97,45.366,47.732,47.474,47.492,47.509,47.781,48.054,48.326,48.598,48.87,49.142,49.414,49.686,49.958,50.23,50.502,50.614,50.725,50.836,50.948,51.059,51.241,51.422,51.422,51.422,51.422,51.422,51.422,51.422,51.422,51.422
98,34.914,35.082,35.25,35.418,36.027,36.635,37.244,36.028,34.812,34.742,32.953,33.284,35.26,35.419,35.987,36.146,37.091,38.159,37.732,37.674,38.641,40.994,40.956,41.214,40.764,41.011,40.233,39.908,39.652,39.045,39.072
99,45.148,45.047,44.946,44.845,44.743,44.934,45.125,45.315,45.506,45.462,45.419,45.375,45.332,45.288,45.245,45.201,45.158,46.027,45.377,44.726,44.075,43.222,42.368,41.514,40.66,41.676,42.145,42.537,43.116,43.985,43.223
100,42.907,42.491,42.075,41.66,41.244,40.828,40.412,39.996,39.58,39.164,38.748,38.333,37.917,37.501,37.085,38.418,39.752,41.085,41.034,40.983,40.933,40.882,40.831,40.781,40.781,40.781,40.781,40.781,40.781,40.781,40.781
101,36.196,36.334,36.472,36.61,36.748,36.886,37.028,35.615,35.024,34.434,33.844,33.253,32.769,32.285,32.919,33.664,33.608,32.641,31.898,30.837,32.849,32.372,32.773,32.943,33.228,31.887,31.938,32.869,31.302,30.301,30.81
102,NaN,NaN,NaN,NaN,NaN,NaN,NaN,NaN,NaN,NaN,NaN,NaN,NaN,NaN,NaN,NaN,NaN,NaN,NaN,NaN,NaN,NaN,NaN,NaN,NaN,NaN,NaN,NaN,NaN,NaN,NaN
103,35.988,35.822,35.657,35.492,36.136,36.78,37.424,38.068,38.321,38.573,38.825,39.077,39.947,41.04,41.487,42.35,41.622,41.23,41.74,42.645,42.536,41.512,41.797,40.269,39.952,39.872,39.151,38.315,38.671,38.671,38.671
104,32.013,31.438,33.482,35.525,35.43,35.335,35.782,36.229,36.676,35.942,35.209,35.356,35.502,35.649,35.796,35.54,35.284,35.028,34.771,34.766,34.761,35.072,35.383,35.694,36.005,36.176,36.347,36.015,36.718,36.019,36.019
105,51.815,49.887,48.202,47.97,48.693,47.139,47.123,51.237,47.946,48.551,48.481,48.926,49.843,48.5,48.785,48.703,47.705,47.617,47.808,47.617,48.757,48.456,48.156,50.11,47.332,47.739,47.739,47.739,47.739,47.739,47.739
106,29.797,30.123,30.449,30.775,31.101,31.426,31.752,32.078,32.404,32.729,33.055,33.381,33.707,34.033,34.358,34.456,34.554,34.652,34.75,34.847,33.471,32.095,32.358,32.622,32.886,32.886,32.886,32.886,32.886,32.886,32.886
107,NaN,NaN,NaN,NaN,NaN,NaN,NaN,NaN,NaN,NaN,NaN,NaN,NaN,NaN,NaN,NaN,NaN,NaN,NaN,NaN,NaN,NaN,NaN,NaN,NaN,NaN,NaN,NaN,NaN,NaN,NaN
108,45.065,46.46,47.855,46.489,45.123,43.757,42.391,41.025,41.138,41.251,41.364,41.477,41.59,41.703,41.639,41.575,41.511,41.448,41.266,41.084,41.74,42.397,41.612,40.826,40.041,40.041,40.041,40.041,40.041,40.041,40.041
109,32.674,32.674,32.674,32.674,34.139,35.604,37.069,37.156,37.242,37.328,37.414,37.5,36.611,35.77,34.424,40.292,33.164,33.053,31.929,31.772,31.607,31.541,31.721,30.854,30.807,30.723,30.985,31.182,31.427,31.427,31.427
110,65.26,65.888,66.516,61.656,56.794,57.227,57.66,58.093,58.218,58.343,58.468,58.593,58.718,58.843,58.968,59.093,59.218,58.81,58.402,57.995,57.587,57.179,56.771,56.363,55.955,55.547,55.139,55.139,55.139,55.139,55.139
111,39.185,39.185,39.185,39.185,39.185,39.185,39.185,39.185,39.185,39.185,39.185,39.185,39.185,39.185,39.185,39.185,39.185,38.702,38.218,37.734,37.25,36.767,36.283,35.799,35.315,34.831,34.348,33.864,33.38,32.896,32.413
112,39.827,39.906,39.986,40.066,40.145,40.225,40.304,40.384,40.464,40.543,40.623,40.623,40.623,40.623,40.623,40.623,40.623,40.623,40.623,40.623,40.623,40.623,40.623,40.623,40.623,40.623,40.623,40.623,40.623,40.623,40.623
113,46.112,46.112,46.112,46.112,49.618,53.124,56.63,42.157,40.193,38.228,33.685,33.05,33.145,31.92,36.599,34.779,38.329,35.884,33.966,32.781,33.003,31.248,30.94,32.021,30.466,32.031,30.481,30.822,31.108,32.549,32.047
114,37.126,37.126,37.126,37.126,37.206,37.286,37.366,37.446,37.526,37.209,36.892,36.575,36.258,35.94,36.329,36.718,37.106,37.495,37.883,37.984,38.086,38.187,38.288,38.389,38.731,39.073,39.415,39.757,40.099,40.44,40.44
115,27.342,27.342,27.342,27.342,29.259,31.175,31.756,34.65,33.524,33.962,34.401,34.839,35.278,36.794,36.678,36.562,39.223,35.711,37.581,37.372,36.138,35.266,35.967,35.449,35.7,35.289,34.369,34.662,35.747,35.268,34.677
116,43.09,42.76,42.43,42.1,41.77,41.44,41.11,40.78,40.45,40.12,39.79,39.46,39.13,38.8,38.47,38.14,37.81,37.48,37.15,36.82,36.49,36.16,35.83,35.83,35.83,35.83,35.83,35.83,35.83,35.83,35.83
117,67.418,67.982,68.545,69.108,69.672,70.234,69.271,68.307,67.343,66.379,65.414,64.45,63.486,62.522,62.784,63.046,63.307,63.569,63.831,64.093,64.354,63.581,62.807,62.033,61.258,60.484,59.71,58.936,58.162,58.162,58.162
118,51.976,51.976,51.976,51.976,51.976,51.976,51.976,51.976,51.976,51.976,51.976,51.976,51.976,51.976,51.976,51.976,51.976,51.976,51.62,51.264,50.908,50.553,50.197,49.841,49.485,50.208,50.93,50.93,50.93,50.93,50.93
119,43.252,43.131,43.021,42.482,41.935,41.38,40.82,40.258,39.935,39.61,39.284,38.958,38.631,38.305,37.955,38.87,39.786,40.702,40.606,40.508,40.548,40.585,40.362,40.174,40.023,40.018,40.018,40.024,40.033,40.045,40.059
120,30.516,30.59,31.181,31.755,32.118,32.65,32.556,32.315,32.291,32.312,32.431,32.785,32.758,32.5,32.546,32.693,32.895,32.661,32.351,32.509,32.624,32.534,32.672,32.65,32.727,32.572,32.467,32.29,32.124,32.332,32.239
121,32.607,32.607,32.607,32.607,32.909,33.21,33.512,33.814,34.116,34.418,34.719,35.021,35.323,35.625,35.926,36.228,34.449,33.55,33.928,34.842,36.508,32.933,32.096,34.435,34.865,37.174,37.058,37.833,36.868,35.421,35.421
122,26.908,26.952,26.967,26.982,26.997,27.786,28.576,29.365,30.155,30.26,30.365,30.47,30.616,30.762,30.908,31.054,31.165,31.276,31.388,31.191,30.995,30.799,31.459,32.119,32.78,31.744,33.53,32.37,35.224,35.869,34.846
123,58.317,58.224,58.131,58.037,57.944,56.639,55.333,54.028,53.724,53.421,56.613,59.806,58.419,57.033,55.646,54.26,54.623,54.987,55.351,55.714,56.078,56.17,56.262,56.355,56.355,56.355,56.355,56.355,56.355,56.355,56.355
124,61.053,62.343,63.632,64.921,66.211,67.5,68.79,70.079,71.368,68.908,66.447,63.987,61.526,59.066,56.605,54.144,54.823,55.502,56.181,56.86,57.539,58.218,58.072,57.925,57.779,57.633,57.487,57.341,56.003,54.664,53.326
125,46.455,46.983,47.51,47.78,48.049,48.319,48.621,48.923,48.543,48.164,47.784,47.404,47.024,46.645,46.265,45.725,45.184,44.644,44.886,45.128,45.37,44.591,43.812,42.519,41.227,41.132,41.037,40.943,40.943,40.943,40.943
126,52.895,52.895,52.895,52.895,52.895,52.895,52.895,52.895,52.895,52.895,52.895,52.895,52.895,52.895,52.625,52.355,52.085,51.815,51.545,51.276,51.006,50.128,49.251,48.374,47.496,46.619,45.741,45.392,45.042,44.692,44.343
127,54.401,56.924,59.448,61.972,64.495,63.254,62.013,60.771,59.53,58.288,57.047,55.805,54.564,54.385,54.206,54.027,53.848,53.669,52.523,51.377,50.23,49.084,47.938,47.306,46.675,37.229,36.096,36.761,35.792,36,40.183
128,28.751,28.751,28.751,28.751,28.751,28.751,28.751,28.751,28.751,28.751,28.751,28.751,28.751,28.751,28.751,28.751,28.803,28.183,29.357,28.975,30.362,29.133,29.176,29.668,28.974,29.103,29.673,29.105,29.316,28.747,31.066
129,37.623,37.623,37.623,37.623,37.623,37.623,37.623,37.623,37.623,37.623,37.623,37.623,37.623,37.623,37.623,37.623,37.623,37.623,37.623,37.623,37.623,37.623,37.623,37.623,37.623,37.623,37.623,37.623,37.623,37.623,37.623
130,NaN,NaN,NaN,NaN,NaN,NaN,NaN,NaN,NaN,NaN,NaN,NaN,NaN,NaN,NaN,NaN,NaN,NaN,NaN,NaN,NaN,NaN,NaN,NaN,NaN,NaN,NaN,NaN,NaN,NaN,NaN
131,59.444,60.108,60.773,61.437,58.635,55.833,53.031,53.221,53.412,53.603,53.794,53.985,54.164,54.343,54.521,54.7,53.912,53.124,52.337,51.549,51.103,50.656,50.21,49.764,49.318,49.318,49.318,49.318,49.318,49.318,49.318
132,47.349,47.349,47.349,47.349,47.349,47.349,47.349,47.349,47.349,47.349,47.349,47.349,47.349,47.349,47.349,47.349,47.349,47.349,47.755,48.16,48.566,48.971,49.377,49.124,48.871,48.618,48.365,48.112,48.112,48.112,48.112
133,NaN,NaN,NaN,NaN,NaN,NaN,NaN,NaN,NaN,NaN,NaN,NaN,NaN,NaN,NaN,NaN,NaN,NaN,NaN,NaN,NaN,NaN,NaN,NaN,NaN,NaN,NaN,NaN,NaN,NaN,NaN
134,52.111,52.823,53.535,53.936,54.337,53.582,52.827,53.506,54.185,53.752,53.319,52.173,51.027,50.809,50.591,50.917,49.452,50.253,51.054,49.997,48.941,49.633,50.325,50.313,50.301,49.711,49.122,47.78,46.438,45.834,45.23
135,62.994,62.994,62.994,62.994,62.994,62.994,62.994,62.994,62.994,62.994,62.994,59.012,55.031,51.049,47.067,43.086,42.873,42.661,42.448,42.236,42.023,41.811,41.598,41.386,41.386,41.386,41.386,41.386,41.386,41.386,41.386
136,30.516,30.59,31.181,31.755,32.118,32.65,32.556,32.315,32.291,32.312,32.431,32.785,32.758,32.5,32.546,32.693,32.895,32.661,32.351,32.509,32.624,32.534,32.672,32.65,32.727,32.572,32.467,32.29,32.124,32.332,32.239
137,36.41,36.41,36.41,36.41,36.41,36.41,35.717,35.024,34.332,34.704,35.077,35.45,35.823,36.196,36.612,37.029,37.446,37.863,38.279,37.288,36.297,36.876,36.757,36.135,35.512,35.598,35.684,35.867,36.049,36.049,36.049
138,29.886,29.535,29.184,28.833,28.482,28.131,27.78,27.428,27.44,26.085,32.086,28.076,29.316,30.555,31.794,33.033,32.853,33.905,33.212,33.581,31.98,33.455,36.154,38.854,37.312,37.11,37.049,37.319,35.92,35.401,34.477
139,50.267,50.231,50.195,50.374,50.553,50.419,50.285,50.767,51.29,51.845,52.288,52.171,51.863,51.412,50.817,49.997,49.421,49.464,49.311,49.26,48.788,48.128,47.68,47.643,47.278,47.011,47.18,47.384,47.9,48.39,48.968
140,41.892,41.916,41.992,42.068,42.143,42.219,42.175,42.131,42.087,42.043,42.51,42.978,42.975,42.972,42.969,42.966,42.963,42.96,42.852,42.744,42.636,42.528,42.42,42.312,42.204,42.204,42.204,42.204,42.204,42.204,42.204
141,54.26,54.26,54.26,54.26,54.26,54.26,54.26,54.26,54.481,54.702,54.924,55.145,55.366,55.588,55.598,55.608,55.618,55.628,55.638,55.648,56.269,56.889,57.51,58.131,58.751,59.372,59.372,59.372,59.372,59.372,59.372
142,36.389,36.522,36.656,36.789,36.923,37.056,37.189,37.323,37.456,37.59,37.723,37.857,37.99,38.124,38.257,38.391,38.524,38.658,38.791,38.925,39.058,39.192,39.325,39.459,39.592,39.726,37.119,34.513,34.513,34.513,34.513
143,72.849,72.849,72.849,72.849,72.849,72.092,71.334,70.576,69.818,69.06,68.302,67.544,66.786,66.028,65.27,64.972,64.674,64.376,64.079,63.781,63.483,63.28,63.078,62.876,62.673,62.471,62.269,62.269,62.269,62.269,62.269
144,34.771,34.771,34.771,34.771,34.771,34.771,34.771,34.771,34.771,34.771,34.771,34.771,34.771,34.771,34.771,34.771,34.771,34.771,34.771,34.771,34.771,34.771,34.771,34.771,34.771,34.771,34.771,34.771,34.771,34.771,34.771
145,49.578,49.437,49.296,49.155,49.014,48.873,48.732,49.491,50.25,51.01,51.769,52.528,53.287,54.047,54.806,53.694,52.581,51.469,50.357,49.244,48.132,47.02,47.02,47.02,47.02,47.02,47.02,47.02,47.02,47.02,47.02
146,30.473,31.477,31.174,30.872,30.57,30.157,29.744,29.331,28.918,28.505,28.092,28.584,29.077,29.57,30.063,30.556,30.379,30.203,30.026,29.463,28.9,28.337,28.441,28.545,28.649,28.65,28.651,28.557,28.882,28.42,29.422
147,NaN,NaN,NaN,NaN,NaN,NaN,NaN,NaN,NaN,NaN,NaN,NaN,NaN,NaN,NaN,NaN,NaN,NaN,NaN,NaN,NaN,NaN,NaN,NaN,NaN,NaN,NaN,NaN,NaN,NaN,NaN
148,31.437,32.147,32.857,32.985,33.114,33.441,33.769,33.86,33.95,34.026,34.101,34.177,34.144,34.112,34.079,33.795,33.511,33.228,33.948,33.593,33.443,35.45,33.49,34.434,35.027,35.562,34.636,34.978,34.893,34.893,34.893
149,56.62,56.62,56.62,56.62,56.644,56.668,56.692,56.716,56.741,56.573,56.405,56.238,55.274,54.31,53.346,52.382,50.829,49.277,47.724,46.171,46.774,47.378,47.981,48.584,49.188,49.188,49.188,49.188,49.188,49.188,49.188
150,50.219,50.644,51.069,51.494,53.517,55.54,55.73,55.92,56.11,56.3,56.489,56.679,56.869,57.059,57.249,57.438,55.739,54.04,52.34,50.953,49.566,48.179,48.876,49.573,50.27,50.685,51.1,51.515,51.929,52.344,52.344
151,54.064,55.607,57.15,56.137,55.123,54.11,53.096,52.082,50.423,48.763,47.103,45.443,43.783,42.123,40.463,39.844,39.224,38.604,37.984,37.364,36.744,36.124,36.051,35.978,35.906,35.833,35.76,35.687,35.614,35.541,35.541
152,NaN,NaN,NaN,NaN,NaN,NaN,NaN,NaN,NaN,NaN,NaN,NaN,NaN,NaN,NaN,NaN,NaN,NaN,NaN,NaN,NaN,NaN,NaN,NaN,NaN,NaN,NaN,NaN,NaN,NaN,NaN
153,29.886,31.184,32.481,33.778,35.076,36.534,37.35,37.127,31.561,37.094,36.007,28.076,39.021,39.164,38.937,39.656,42.058,43.328,44.598,42.894,41.189,39.435,38.837,37.613,36.158,35.246,35.119,34.251,33.844,33.071,33.071
154,NaN,NaN,NaN,NaN,NaN,NaN,NaN,NaN,NaN,NaN,NaN,NaN,NaN,NaN,NaN,NaN,NaN,NaN,NaN,NaN,NaN,NaN,NaN,NaN,NaN,NaN,NaN,NaN,NaN,NaN,NaN
155,25.077,25.188,25.392,25.596,25.8,26.003,26.275,26.547,26.818,27.09,27.361,28.002,28.642,29.282,29.922,28.741,27.559,26.378,26.426,26.473,26.521,26.626,26.731,26.835,27.121,27.408,27.694,27.57,27.446,27.322,27.47
156,43.56,43.56,43.56,43.56,43.56,43.56,43.56,43.56,43.56,43.56,43.56,43.234,42.908,42.581,42.255,41.928,41.602,41.276,40.949,40.623,40.297,39.97,39.97,39.97,39.97,39.97,39.97,39.97,39.97,39.97,39.97
157,46.964,47.388,46.808,46.227,45.647,45.066,44.486,43.905,45.522,47.139,46.068,44.997,43.926,44.484,45.042,45.6,45.761,45.21,44.66,44.439,44.217,43.996,44.696,44.617,44.538,45.156,45.774,45.386,44.998,44.611,44.611
158,41.95,41.95,41.95,41.95,41.95,41.95,41.95,41.95,41.95,41.95,41.95,41.95,41.95,41.95,41.95,41.95,41.95,41.95,41.95,41.95,41.95,41.95,41.95,41.95,41.95,41.95,41.95,41.95,41.95,41.95,41.95
159,55.804,55.946,55.859,55.773,55.687,55.601,56.277,56.953,55.83,54.947,56.292,57.315,57.072,56.808,56.152,54.709,55.982,51.808,51.589,51.37,51.151,50.895,50.639,50.383,50.06,50.033,49.496,50.596,50.373,50.757,50.757
160,45.571,45.571,45.571,45.571,45.571,45.571,45.571,45.368,45.165,44.961,44.758,44.555,44.352,44.148,43.945,43.742,43.539,43.336,43.132,42.929,42.726,42.726,42.726,42.726,42.726,42.726,42.726,42.726,42.726,42.726,42.726
161,51.718,52.271,52.824,55.28,57.737,56.843,55.949,56.203,56.456,56.478,56.91,57.342,60.115,57.069,54.448,53.388,54.925,54.661,52.354,51.042,53.503,54.364,49.638,50.483,53.042,50.117,50.847,51.111,48.152,48.064,46.661
162,57.207,57.302,57.397,57.492,57.587,57.682,57.778,57.872,58.543,59.214,53.949,57.133,59.414,59.501,56.073,55.087,54.102,53.117,51.938,50.759,49.581,48.913,48.246,47.579,47.333,47.088,46.842,46.474,45.481,44.553,47.985
163,47.51,48.534,48.239,47.944,47.649,48.611,49.573,50.534,49.501,48.469,47.436,47.08,46.724,46.369,46.6,46.83,47.061,46.756,46.45,46.144,46.218,46.291,46.364,45.709,45.053,44.398,43.626,42.855,42.084,42.084,42.084
164,28.851,29.071,29.292,31.427,33.563,35.698,34.921,34.144,33.367,32.59,33.202,33.814,34.426,35.038,35.65,35.366,34.837,34.543,34.015,34.223,34.607,34.597,34.839,35.075,34.238,33.654,31.267,30.444,30.768,30.907,31.776
165,32.913,29.698,31.991,34.283,36.576,38.868,38.018,36.932,36.945,37.664,37.45,36.861,38.656,38.686,38.717,38.873,38.443,38.065,36.729,36.523,34.792,35.835,36.32,35.999,36.182,35.556,35.504,35.164,33.776,33.46,32.755
166,50.784,51.132,51.48,51.828,52.176,52.524,52.871,53.219,53.567,53.915,53.511,53.107,52.704,52.3,52.3,52.3,52.3,52.3,52.3,52.3,52.3,52.3,52.3,52.3,52.3,52.3,52.3,52.3,52.3,52.3,52.3
167,37.213,37.126,37.022,36.906,37.146,37.397,37.656,37.917,38.003,38.087,38.165,38.177,38.451,38.795,38.82,38.959,38.42,37.999,37.97,38.083,37.942,37.521,37.641,37.224,37.174,37.2,36.433,35.61,35.161,34.591,34.648
168,35.062,35.062,35.062,33.276,33.678,34.08,33.373,32.665,36.634,36.05,35.466,34.881,34.297,33.713,33.128,32.544,31.96,32.325,32.691,32.532,32.372,32.101,31.83,31.655,31.481,31.584,31.688,31.688,31.688,31.688,31.688
169,36.512,36.512,36.512,36.512,36.924,37.336,37.747,38.159,40.023,42.302,37.8,38.924,37.386,36.645,36.769,37.69,37.015,36.325,36.514,35.225,34.582,33.515,32.471,32.018,30.718,30.857,30.38,30.092,29.896,30.173,30.173
170,NaN,NaN,NaN,NaN,NaN,NaN,NaN,NaN,NaN,NaN,NaN,NaN,NaN,NaN,NaN,NaN,NaN,NaN,NaN,NaN,NaN,NaN,NaN,NaN,NaN,NaN,NaN,NaN,NaN,NaN,NaN
171,24.263,24.983,25.704,27.06,28.416,31.178,30.871,30.564,31.487,32.41,33.333,34.256,35.179,36.102,37.025,37.949,38.872,39.795,37.677,36.711,35.63,35.786,36.263,36.881,37.184,39.264,36.324,34.704,36.212,35.946,35.062
172,39.304,43.991,48.678,53.365,52.654,51.944,51.233,43.833,43.632,42.929,42.579,41.582,40.585,39.588,38.591,37.247,35.902,34.558,34.556,34.555,34.553,36.126,37.698,37.154,36.609,36.021,35.542,35.795,34.668,34.69,35.023
173,50.694,51.574,52.455,53.335,54.215,55.095,55.976,56.856,57.736,58.617,59.497,60.377,60.879,61.381,61.883,62.385,62.887,62.193,61.5,60.806,60.113,59.42,58.926,58.433,57.94,57.617,57.294,56.97,56.97,56.97,56.97
174,NaN,NaN,NaN,NaN,NaN,NaN,NaN,NaN,NaN,NaN,NaN,NaN,NaN,NaN,NaN,NaN,NaN,NaN,NaN,NaN,NaN,NaN,NaN,NaN,NaN,NaN,NaN,NaN,NaN,NaN,NaN
175,NaN,NaN,NaN,NaN,NaN,NaN,NaN,NaN,NaN,NaN,NaN,NaN,NaN,NaN,NaN,NaN,NaN,NaN,NaN,NaN,NaN,NaN,NaN,NaN,NaN,NaN,NaN,NaN,NaN,NaN,NaN
176,50.267,50.231,50.195,50.374,50.553,50.419,50.285,50.767,51.29,51.845,52.288,52.171,51.863,51.412,50.817,49.997,49.421,49.464,49.311,49.26,48.788,48.128,47.68,47.643,47.278,47.011,47.18,47.384,47.9,48.39,48.968
177,42.464,42.464,42.464,42.464,42.464,42.464,42.871,43.277,43.683,44.089,44.496,44.902,45.308,45.715,46.121,46.527,46.933,47.34,47.746,48.152,48.558,48.965,49.371,49.777,50.184,50.59,50.996,50.996,50.996,50.996,50.996
178,NaN,NaN,NaN,NaN,NaN,NaN,NaN,NaN,NaN,NaN,NaN,NaN,NaN,NaN,NaN,NaN,NaN,NaN,NaN,NaN,NaN,NaN,NaN,NaN,NaN,NaN,NaN,NaN,NaN,NaN,NaN
179,53.951,54.128,54.338,54.613,54.95,54.792,54.405,54.316,54.61,54.39,54.078,54.053,53.932,52.96,52.114,52.07,51.635,51.66,50.91,50.057,49.535,49.261,48.823,48.629,48.729,48.695,48.708,48.338,48.298,48.094,47.735
180,41.912,41.912,41.912,41.912,41.912,41.912,41.912,41.912,41.912,41.912,41.912,41.912,41.912,42.044,42.177,42.31,42.443,42.576,42.708,42.329,41.95,41.571,41.192,40.812,40.433,40.433,40.433,40.433,40.433,40.433,40.433
181,30.516,30.59,31.181,31.755,32.118,32.65,32.556,32.315,32.291,32.312,32.431,32.785,32.758,32.5,32.546,32.693,32.895,32.661,32.351,32.509,32.624,32.534,32.672,32.65,32.727,32.572,32.467,32.29,32.124,32.332,32.239
182,48.924,48.924,48.924,48.924,48.924,48.924,48.924,48.924,48.924,48.924,48.924,48.924,48.823,48.721,48.62,48.518,48.417,48.316,48.214,48.113,48.012,49.027,50.042,51.057,52.072,53.088,54.103,55.118,55.118,55.118,55.118
183,37.213,37.126,37.022,36.906,37.146,37.397,37.656,37.917,38.003,38.087,38.165,38.177,38.451,38.795,38.82,38.959,38.42,37.999,37.97,38.083,37.942,37.521,37.641,37.224,37.174,37.2,36.433,35.61,35.161,34.591,34.648
184,64.09,64.313,64.536,61.498,58.46,55.421,55.416,55.41,55.404,55.398,55.393,55.387,55.381,55.063,54.744,54.425,54.106,54.242,54.379,54.515,54.651,54.787,54.923,54.676,54.429,54.183,53.936,53.689,53.442,53.196,53.196
185,29.886,29.535,29.184,28.833,28.482,28.131,27.78,27.428,27.44,26.085,32.086,28.076,29.89,31.704,33.518,35.332,37.146,36.489,35.831,35.173,34.515,35.253,35.99,36.728,35.952,35.175,34.399,32.618,30.13,28.674,28.103
186,54.019,54.019,54.019,54.019,54.019,54.019,54.019,54.019,54.019,54.019,54.019,54.022,54.025,54.027,54.03,54.033,54.036,54.039,52.704,51.369,50.034,48.698,47.363,46.028,43.708,41.389,39.069,36.75,34.43,32.111,32.111
187,69.756,68.677,67.592,66.508,65.423,64.338,63.254,62.169,61.084,60,58.915,57.83,56.745,55.661,54.576,53.935,53.293,52.652,52.011,51.369,50.728,50.087,50.245,50.403,50.562,50.72,50.878,51.037,51.195,51.195,51.195
188,43.487,43.487,43.487,43.487,43.487,43.487,43.487,43.487,43.487,43.487,43.487,43.487,43.487,43.487,42.812,42.137,41.462,40.787,40.113,39.371,38.713,40.004,40.234,40.234,40.234,40.234,40.234,40.234,40.234,40.234,40.234
189,50.267,50.231,50.195,50.374,50.553,50.419,50.285,50.767,51.29,51.845,52.288,52.171,51.863,51.412,50.817,49.997,49.421,49.464,49.311,49.26,48.788,48.128,47.68,47.643,47.278,47.011,47.18,47.384,47.9,48.39,48.968
190,22.024,22.312,22.048,20.146,21.666,23.186,24.705,26.225,26.331,26.437,26.544,26.65,26.756,26.863,26.969,27.075,26.283,25.49,24.698,25.567,26.437,27.306,27.64,27.975,28.309,26.031,26.585,24.519,23.211,24.983,23.234
191,29.886,28.265,26.643,25.022,24.801,24.58,24.359,24.137,27.44,26.085,24.052,28.076,27.094,26.112,25.129,24.147,24.021,23.895,23.77,24.408,25.046,25.684,27.331,27.04,26.748,26.457,26.192,25.563,25.023,25.434,25.159
192,45.77,45.77,45.77,45.77,45.77,45.77,45.77,45.77,45.77,45.77,45.77,45.77,45.77,45.77,45.77,45.77,45.77,44.831,43.893,42.954,42.015,41.076,40.137,39.199,39.199,39.199,39.199,39.199,39.199,39.199,39.199
193,47.38,47.38,47.38,47.38,47.38,47.38,47.38,47.38,47.38,47.38,47.38,47.38,47.38,47.911,48.442,48.972,49.503,50.034,50.565,51.096,51.627,52.157,52.688,53.219,53.75,54.281,54.812,54.812,54.812,54.812,54.812
194,68.786,68.786,68.786,68.786,69.235,69.684,70.134,69.551,68.969,68.387,67.804,67.222,68.973,70.725,72.476,74.227,72.727,71.227,69.726,72.46,72.877,69.76,66.643,66.853,67.063,67.274,67.096,66.918,66.918,66.918,66.918
195,53.658,53.94,54.221,54.503,54.785,55.067,55.348,55.63,55.912,56.194,56.475,56.757,57.039,57.321,57.602,57.884,58.166,58.448,58.729,59.011,59.011,59.011,59.011,59.011,59.011,59.011,59.011,59.011,59.011,59.011,59.011
196,32.393,31.988,33.256,34.524,35.792,37.06,36.602,36.143,35.685,35.227,34.768,34.31,34.155,34,33.845,33.69,33.176,32.662,32.147,33.148,34.148,35.148,35.588,36.029,36.469,36.289,36.109,35.929,34.853,34.849,34.41
197,45.481,45.429,45.378,45.326,45.274,45.222,45.17,45.547,45.923,46.3,46.677,47.053,47.43,47.722,48.015,48.307,48.6,48.892,48.879,48.865,48.852,48.438,48.025,47.611,47.118,46.625,46.132,46.132,46.132,46.132,46.132
198,40.798,40.798,40.798,40.798,40.798,40.798,40.798,39.539,40.653,40.811,40.969,41.128,41.286,41.444,41.603,41.761,43.597,43.071,46.546,45.023,43.501,44.78,43.293,43.613,43.932,44.252,44.571,44.891,44.891,44.891,44.891
199,51.422,51.597,51.772,51.948,52.123,52.298,52.473,52.649,52.824,52.999,53.174,53.35,53.525,53.7,53.875,54.051,54.226,54.401,54.576,54.752,54.493,54.235,53.976,53.718,53.46,53.46,53.46,53.46,53.46,53.46,53.46
200,52.32,52.908,53.496,54.085,54.673,55.261,55.85,56.438,57.026,57.614,57.614,57.614,57.614,57.614,57.614,57.614,57.614,57.614,57.614,57.614,57.614,57.614,57.614,57.614,57.614,57.614,57.614,57.614,57.614,57.614,57.614
201,24.296,24.657,25.019,25.115,25.21,25.305,25.701,26.096,26.491,26.887,27.282,27.02,26.758,26.496,26.234,25.972,26.766,25.992,26.777,27.882,27.212,27.698,27.543,27.62,28.71,28.291,29.081,29.417,28.719,29.843,29.201
202,35.75,35.725,35.7,35.431,35.163,34.894,34.625,34.356,34.087,33.819,33.55,32.725,31.9,31.952,32.005,32.719,33.433,34.147,34.525,34.142,33.148,32.904,31.973,31.859,32.783,32.983,32.825,33.471,33.179,33.362,33.362
203,37.114,37.114,37.114,37.114,37.114,37.114,37.114,37.114,37.355,37.597,37.838,38.08,38.321,38.563,38.804,37.641,36.479,35.316,35.316,35.316,35.316,35.316,35.316,35.316,35.316,35.316,35.316,35.316,35.316,35.316,35.316
204,32.592,32.592,32.592,32.592,32.592,32.592,32.592,32.592,32.592,32.592,33.188,33.783,34.379,34.974,35.636,35.266,34.897,34.528,33.986,33.445,33.859,34.273,34.687,35.101,35.515,35.929,35.929,35.929,35.929,35.929,35.929
205,44.533,45.509,46.484,44.874,43.263,43.045,42.827,42.349,41.871,43.088,42.835,42.494,42.154,42.424,42.693,42.411,42.129,40.653,40.972,40.513,40.299,38.914,40.182,39.208,38.595,37.831,38.527,38.245,38.196,37.038,37.179
206,38.378,38.378,38.378,38.378,38.378,38.378,38.378,38.378,38.378,38.378,38.378,38.378,37.378,36.378,35.377,34.377,33.377,32.377,32.47,32.563,32.655,32.748,32.841,32.934,33.026,33.026,33.026,33.026,33.026,33.026,33.026
207,56.002,56.002,56.002,56.002,56.002,56.002,56.002,56.002,56.002,56.002,56.002,56.002,56.002,56.002,56.002,56.002,56.002,56.553,57.104,57.655,58.207,58.758,58.238,57.719,57.199,56.68,56.541,56.402,56.263,56.124,56.124
208,NaN,NaN,NaN,NaN,NaN,NaN,NaN,NaN,NaN,NaN,NaN,NaN,NaN,NaN,NaN,NaN,NaN,NaN,NaN,NaN,NaN,NaN,NaN,NaN,NaN,NaN,NaN,NaN,NaN,NaN,NaN
209,39.198,39.198,39.198,39.198,39.198,39.198,39.198,39.198,39.198,39.198,39.198,39.198,39.177,39.155,39.134,39.112,39.09,39.069,39.047,39.026,39.038,39.051,39.064,39.076,39.089,39.101,39.101,39.101,39.101,39.101,39.101
210,41.385,40.76,40.134,40.134,40.134,40.134,40.134,40.134,40.134,40.134,40.134,40.134,40.134,40.134,40.134,40.134,40.134,40.134,40.134,40.134,40.134,40.134,40.134,40.134,40.134,40.134,40.134,40.134,40.134,40.134,40.134
211,45.551,45.767,45.982,46.198,46.413,46.629,46.505,46.381,46.258,46.134,46.011,45.643,45.276,44.908,44.541,44.173,43.806,43.36,42.915,42.469,42.024,41.579,41.147,40.715,40.284,39.852,39.42,39.42,39.42,39.42,39.42
212,47.58,47.381,47.182,46.983,46.784,46.783,46.782,46.781,46.78,46.779,46.778,46.777,46.776,47.512,46.822,47.772,45.664,44.475,44.267,45.273,44.684,44.515,44.184,43.683,43.01,43.526,44.166,44.363,44.441,43.463,44.66
213,35.778,35.778,35.778,35.778,36.815,37.853,38.89,39.927,40.964,40.964,40.964,40.964,40.964,40.964,40.964,40.964,40.964,40.964,40.964,40.964,40.964,40.964,40.964,40.964,40.964,40.964,40.964,40.964,40.964,40.964,40.964
214,50.267,50.231,50.195,50.374,50.553,50.419,50.285,50.767,51.29,51.845,52.288,52.171,51.863,51.412,50.817,49.997,49.421,49.464,49.311,49.26,48.788,48.128,47.68,47.643,47.278,47.011,47.18,47.384,47.9,48.39,48.968
215,40.146,40.146,40.146,40.146,40.146,40.146,40.146,40.146,40.146,40.146,40.146,40.146,40.146,40.146,40.146,40.146,40.146,40.146,40.146,40.146,40.146,40.146,40.146,40.146,40.146,40.146,40.146,40.146,40.146,40.146,40.146
216,56.998,56.433,55.868,55.303,54.895,54.487,54.078,53.67,54.625,55.58,56.536,57.017,57.499,57.98,57.475,56.97,56.465,56.68,56.895,57.109,57.324,56.599,55.873,55.148,55.439,55.729,56.02,56.311,56.282,56.253,56.225
217,27.983,30.345,32.708,32.096,35.957,39.818,36.748,35.19,33.631,32.073,32.113,32.153,32.193,31.911,32.121,32.162,32.747,30.676,30.366,29.399,28.98,28.838,28.926,28.788,28.341,29.447,29.099,29.952,29.943,30.334,29.642
218,32.585,32.585,32.585,32.585,32.585,32.585,32.585,32.585,32.585,32.585,32.585,32.585,32.585,32.585,32.585,32.585,32.585,32.585,32.585,32.585,32.585,32.585,32.585,32.585,32.585,32.585,30.929,29.273,27.617,25.96,25.96
219,35.381,36.078,36.052,36.025,35.998,35.972,35.523,35.243,35.68,36.548,36.711,39.424,37.792,35.65,35.437,35.375,36.114,36.629,35.076,36.003,35.774,33.702,33.195,33.095,32.691,33.136,33.332,33.086,32.624,33.689,33.689
220,51.893,51.574,51.255,51.421,51.587,51.752,51.918,52.084,52.25,52.416,52.582,52.747,53.094,53.44,53.786,54.132,54.478,54.825,54.445,54.065,53.684,53.304,52.924,53.249,53.573,53.898,54.222,54.546,54.871,54.871,54.871
221,37.834,37.963,38.092,38.409,40.364,39.992,39.772,40.21,40.467,39.938,39.954,40.082,40.537,40.325,40.775,40.21,40.921,41.495,40.941,40.754,40.586,39.989,40.887,40.897,40.619,41.487,41.205,41.088,41.148,41.36,41.491
222,NaN,NaN,NaN,NaN,NaN,NaN,NaN,NaN,NaN,NaN,NaN,NaN,NaN,NaN,NaN,NaN,NaN,NaN,NaN,NaN,NaN,NaN,NaN,NaN,NaN,NaN,NaN,NaN,NaN,NaN,NaN
223,42.654,42.355,42.055,41.89,41.724,41.558,41.406,42.119,43.127,43.369,43.612,45.924,46.892,46.832,47.196,45.908,46.487,46.908,45.838,45.551,44.56,42.15,39.896,40.862,40.335,40.629,40.171,39.986,40.234,40.194,40.796
224,29.337,30.653,31.97,33.286,35.43,37.575,39.719,41.863,44.008,40.719,37.43,36.274,35.118,36.85,36.85,36.85,36.85,36.85,36.85,36.85,36.85,36.85,36.85,36.85,36.85,36.85,36.85,36.85,36.85,36.85,36.85
225,39.421,39.421,39.421,39.421,39.421,39.421,39.421,39.421,39.421,39.421,39.421,39.421,39.421,39.421,39.421,39.421,39.421,39.421,39.421,39.421,39.421,39.052,38.683,38.314,37.944,37.575,37.206,36.837,36.468,36.098,35.729
226,37.087,36.696,36.306,38.002,39.698,41.394,42.098,42.803,42.029,41.923,38.96,41.606,41.517,39.769,39.824,43.025,40.097,38.896,37.785,37.853,36.42,36.789,38.149,38.609,37.448,37.448,37.448,37.448,37.448,37.448,37.448
227,37.562,37.562,37.562,37.562,37.517,37.472,37.427,37.382,37.337,37.749,38.162,38.574,38.987,38.866,38.746,38.232,37.718,39.501,41.284,41.562,41.84,39.72,37.6,36.501,35.403,35.662,35.922,36.165,36.409,36.409,36.409
228,NaN,NaN,NaN,NaN,NaN,NaN,NaN,NaN,NaN,NaN,NaN,NaN,NaN,NaN,NaN,NaN,NaN,NaN,NaN,NaN,NaN,NaN,NaN,NaN,NaN,NaN,NaN,NaN,NaN,NaN,NaN
229,NaN,NaN,NaN,NaN,NaN,NaN,NaN,NaN,NaN,NaN,NaN,NaN,NaN,NaN,NaN,NaN,NaN,NaN,NaN,NaN,NaN,NaN,NaN,NaN,NaN,NaN,NaN,NaN,NaN,NaN,NaN
230,41.616,41.616,41.616,41.075,40.534,39.992,39.451,38.91,38.368,38.327,38.285,38.243,38.201,38.159,38.118,38.076,38.034,38.232,38.43,38.627,38.825,39.023,39.221,39.419,39.616,39.616,39.616,39.616,39.616,39.616,39.616
231,67.087,67.903,65.693,63.48,62.52,61.56,60.6,60.837,61.073,60.06,59.047,58.033,57.02,56.007,60.348,64.69,64.828,64.966,65.204,65.442,65.679,65.845,66.01,66.176,66.341,66.506,66.506,66.506,66.506,66.506,66.506
232,72.91,72.91,72.91,72.91,72.91,72.91,71.907,70.904,69.901,68.898,67.895,66.892,65.889,64.886,63.883,62.88,61.877,60.874,59.871,58.868,57.865,56.862,56.997,57.131,57.265,57.4,57.534,57.668,57.668,57.668,57.668