Human Development Index,1990,1991,1992,1993,1994,1995,1996,1997,1998,1999,2000,2001,2002,2003,2004,2005,2006,2007,2008,2009,2010,2011,2012,2013,2014,2015,2016,2017,2018,2019,2020
1,0.284,0.292,0.299,0.307,0.3,0.318,0.326,0.33,0.329,0.337,0.34,0.344,0.368,0.379,0.395,0.402,0.41,0.426,0.431,0.441,0.449,0.457,0.467,0.475,0.48,0.479,0.483,0.485,45.125,45.125,45.125
2,0.649,0.632,0.616,0.618,0.623,0.632,0.644,0.641,0.656,0.668,0.678,0.687,0.692,0.701,0.707,0.72,0.728,0.74,0.747,0.752,0.766,0.779,0.789,0.793,0.797,0.797,0.795,0.796,36.351,35.634,34.758
3,0.593,0.596,0.601,0.602,0.603,0.607,0.618,0.626,0.635,0.644,0.652,0.659,0.668,0.675,0.683,0.69,0.696,0.701,0.709,0.716,0.721,0.725,0.726,0.729,0.732,0.736,0.738,0.738,33.483,33.483,33.483
4,NaN,NaN,NaN,NaN,NaN,NaN,NaN,NaN,NaN,NaN,NaN,NaN,NaN,NaN,NaN,NaN,NaN,NaN,NaN,NaN,NaN,NaN,NaN,NaN,NaN,NaN,NaN,NaN,NaN,NaN,NaN
5,NaN,NaN,NaN,NaN,NaN,NaN,NaN,NaN,NaN,NaN,0.815,0.823,0.828,0.836,0.828,0.828,0.842,0.851,0.857,0.859,0.863,0.867,0.867,0.851,0.854,0.856,0.859,0.86,31.078,31.078,31.078
6,NaN,NaN,NaN,NaN,NaN,NaN,NaN,NaN,NaN,0.369,0.38,0.39,0.406,0.424,0.437,0.451,0.463,0.48,0.492,0.506,0.516,0.533,0.545,0.555,0.565,0.591,0.595,0.597,61.835,62.42,62.42
7,NaN,NaN,NaN,NaN,NaN,NaN,NaN,NaN,NaN,NaN,NaN,NaN,NaN,NaN,NaN,NaN,NaN,NaN,NaN,NaN,NaN,NaN,NaN,NaN,NaN,NaN,NaN,NaN,47.9,48.39,48.968
8,NaN,NaN,NaN,NaN,NaN,NaN,NaN,NaN,NaN,NaN,NaN,NaN,NaN,NaN,NaN,NaN,NaN,0.816,0.816,0.81,0.808,0.805,0.811,0.812,0.815,0.818,0.822,0.824,47.9,48.39,48.968
9,0.724,0.731,0.736,0.74,0.746,0.747,0.752,0.758,0.764,0.774,0.78,0.785,0.785,0.793,0.798,0.802,0.814,0.817,0.825,0.827,0.834,0.842,0.844,0.846,0.847,0.85,0.848,0.853,39.497,39.882,39.954
10,0.658,0.646,0.611,0.613,0.617,0.623,0.627,0.635,0.647,0.651,0.656,0.661,0.67,0.681,0.689,0.701,0.714,0.73,0.733,0.732,0.739,0.743,0.751,0.757,0.764,0.769,0.773,0.775,36.209,32.902,29.505
11,NaN,NaN,NaN,NaN,NaN,NaN,NaN,NaN,NaN,NaN,NaN,NaN,NaN,NaN,NaN,NaN,NaN,NaN,NaN,NaN,NaN,NaN,NaN,NaN,NaN,NaN,NaN,NaN,47.9,48.39,48.968
12,0.864,0.866,0.868,0.873,0.873,0.882,0.884,0.887,0.891,0.894,0.896,0.9,0.902,0.906,0.908,0.911,0.914,0.916,0.92,0.922,0.924,0.927,0.931,0.929,0.931,0.933,0.936,0.937,34.337,34.337,34.337
13,0.823,0.826,0.832,0.836,0.841,0.847,0.852,0.856,0.861,0.865,0.87,0.874,0.878,0.88,0.886,0.889,0.893,0.896,0.899,0.898,0.903,0.907,0.909,0.907,0.911,0.91,0.913,0.914,29.982,30.978,30.388
14,NaN,NaN,NaN,NaN,NaN,0.6,0.603,0.609,0.618,0.628,0.635,0.644,0.654,0.663,0.67,0.682,0.701,0.714,0.723,0.729,0.733,0.735,0.739,0.745,0.749,0.751,0.752,0.754,19.21,19.21,19.21
15,0.76,0.757,0.762,0.762,0.765,0.773,0.778,0.775,0.776,0.784,0.788,0.79,0.792,0.793,0.795,0.798,0.8,0.8,0.801,0.798,0.8,0.8,0.803,0.804,0.807,0.807,0.809,0.812,50.056,50.056,50.056
16,0.733,0.727,0.727,0.732,0.732,0.737,0.742,0.747,0.753,0.761,0.775,0.786,0.792,0.799,0.795,0.791,0.794,0.8,0.803,0.803,0.807,0.812,0.827,0.839,0.839,0.859,0.862,0.867,35.161,34.591,34.648
17,0.399,0.397,0.416,0.423,0.431,0.44,0.446,0.458,0.473,0.487,0.491,0.498,0.505,0.511,0.518,0.525,0.53,0.533,0.535,0.547,0.558,0.565,0.575,0.577,0.585,0.604,0.613,0.622,48.596,48.596,48.596
18,0.728,0.729,0.729,0.733,0.738,0.742,0.746,0.75,0.751,0.753,0.76,0.761,0.765,0.769,0.774,0.779,0.784,0.789,0.792,0.794,0.792,0.79,0.793,0.793,0.795,0.798,0.801,0.803,56.316,56.316,56.316
19,NaN,NaN,NaN,NaN,NaN,0.674,0.681,0.687,0.693,0.698,0.708,0.713,0.718,0.728,0.74,0.749,0.761,0.772,0.782,0.784,0.79,0.798,0.805,0.806,0.81,0.809,0.809,0.811,29.606,29.621,28.885
20,0.814,0.818,0.835,0.849,0.857,0.864,0.87,0.874,0.876,0.879,0.884,0.889,0.891,0.893,0.899,0.901,0.904,0.907,0.909,0.91,0.913,0.914,0.915,0.917,0.922,0.924,0.927,0.931,27.29,27.106,27.1
21,0.609,0.616,0.624,0.63,0.634,0.636,0.639,0.641,0.642,0.65,0.657,0.661,0.67,0.679,0.685,0.682,0.697,0.704,0.709,0.715,0.72,0.719,0.722,0.721,0.716,0.714,0.72,0.716,53.084,53.084,53.084
22,0.35,0.355,0.36,0.367,0.372,0.379,0.385,0.393,0.398,0.405,0.412,0.423,0.431,0.438,0.444,0.45,0.456,0.464,0.47,0.475,0.481,0.486,0.494,0.503,0.506,0.509,0.508,0.505,54.768,52.989,52.989
23,NaN,NaN,NaN,NaN,NaN,NaN,NaN,NaN,NaN,NaN,NaN,NaN,NaN,NaN,NaN,NaN,NaN,NaN,NaN,NaN,0.582,0.591,0.597,0.604,0.615,0.625,0.635,0.644,50.366,50.366,50.366
24,0.546,0.556,0.563,0.573,0.582,0.592,0.603,0.615,0.626,0.625,0.625,0.625,0.622,0.619,0.626,0.634,0.637,0.644,0.651,0.657,0.661,0.667,0.673,0.681,0.683,0.688,0.7,0.707,43.706,42.778,44.762
25,NaN,NaN,NaN,NaN,NaN,NaN,NaN,NaN,NaN,NaN,NaN,NaN,NaN,NaN,NaN,NaN,NaN,NaN,NaN,NaN,NaN,NaN,NaN,NaN,NaN,NaN,NaN,NaN,NaN,NaN,NaN
26,NaN,NaN,NaN,NaN,NaN,NaN,NaN,NaN,NaN,NaN,0.656,0.661,0.663,0.671,0.678,0.679,0.687,0.702,0.714,0.716,0.718,0.723,0.735,0.745,0.751,0.757,0.767,0.77,35.077,35.077,35.077
27,0.587,0.588,0.585,0.586,0.576,0.58,0.58,0.582,0.581,0.583,0.581,0.581,0.579,0.585,0.591,0.601,0.615,0.629,0.637,0.639,0.652,0.66,0.664,0.676,0.683,0.688,0.697,0.705,57.891,57.891,57.891
28,0.62,0.624,0.627,0.633,0.638,0.645,0.65,0.656,0.66,0.663,0.668,0.673,0.678,0.682,0.689,0.696,0.701,0.708,0.714,0.717,0.722,0.727,0.732,0.75,0.753,0.752,0.753,0.758,51.683,51.254,49.713
29,NaN,NaN,NaN,NaN,NaN,NaN,NaN,NaN,NaN,NaN,NaN,NaN,NaN,NaN,NaN,NaN,NaN,NaN,NaN,NaN,NaN,NaN,NaN,NaN,NaN,NaN,NaN,NaN,47.9,48.39,48.968
30,0.779,0.779,0.78,0.78,0.78,0.782,0.783,0.782,0.782,0.787,0.789,0.792,0.796,0.802,0.807,0.811,0.817,0.82,0.821,0.823,0.825,0.829,0.836,0.835,0.834,0.832,0.83,0.829,28.074,28.074,28.074
31,0.698,0.698,0.7,0.702,0.704,0.7,0.709,0.704,0.714,0.718,0.723,0.732,0.743,0.753,0.76,0.765,0.77,0.776,0.782,0.784,0.79,0.794,0.798,0.804,0.807,0.809,0.81,0.81,40.237,41.159,40.224
32,NaN,NaN,NaN,NaN,NaN,NaN,NaN,NaN,NaN,0.294,0.296,0.299,0.302,0.308,0.317,0.327,0.335,0.339,0.352,0.362,0.372,0.383,0.393,0.399,0.403,0.413,0.422,0.432,71.818,74.244,74.244
33,0.285,0.287,0.284,0.257,0.288,0.284,0.282,0.288,0.294,0.297,0.298,0.301,0.314,0.322,0.333,0.342,0.365,0.377,0.39,0.397,0.404,0.408,0.412,0.416,0.419,0.42,0.423,0.422,53.377,53.377,53.377
34,NaN,NaN,NaN,NaN,NaN,NaN,NaN,NaN,NaN,NaN,0.59,0.598,0.606,0.612,0.615,0.622,0.633,0.639,0.643,0.645,0.649,0.657,0.657,0.664,0.663,0.658,0.664,0.668,56.411,56.411,56.411
35,0.379,0.384,0.388,0.39,0.392,0.399,0.403,0.408,0.412,0.421,0.431,0.447,0.469,0.484,0.499,0.51,0.522,0.531,0.536,0.538,0.542,0.546,0.551,0.554,0.559,0.564,0.573,0.581,34.572,34.572,34.572
36,0.44,0.436,0.433,0.426,0.423,0.421,0.42,0.42,0.42,0.421,0.426,0.445,0.445,0.452,0.458,0.459,0.46,0.472,0.487,0.502,0.515,0.524,0.535,0.544,0.553,0.562,0.566,0.574,59.44,59.44,59.44
37,0.861,0.865,0.869,0.867,0.873,0.877,0.88,0.88,0.88,0.884,0.89,0.893,0.895,0.897,0.901,0.903,0.907,0.907,0.909,0.91,0.911,0.914,0.921,0.923,0.925,0.927,0.928,0.929,32.534,32.534,32.534
38,NaN,NaN,NaN,NaN,NaN,NaN,NaN,NaN,NaN,NaN,NaN,NaN,NaN,NaN,NaN,NaN,NaN,NaN,NaN,NaN,NaN,NaN,NaN,NaN,NaN,NaN,NaN,NaN,47.9,48.39,48.968
39,0.333,0.327,0.312,0.311,0.313,0.315,0.311,0.313,0.315,0.319,0.319,0.321,0.322,0.322,0.326,0.33,0.333,0.339,0.345,0.35,0.357,0.365,0.372,0.352,0.354,0.367,0.373,0.379,65.642,65.642,65.642
40,NaN,NaN,NaN,NaN,NaN,NaN,NaN,NaN,NaN,NaN,0.292,0.302,0.309,0.309,0.327,0.329,0.328,0.339,0.343,0.357,0.364,0.373,0.381,0.385,0.392,0.388,0.388,0.389,53.106,52.571,52.571
41,0.705,0.714,0.722,0.716,0.722,0.728,0.735,0.744,0.749,0.756,0.763,0.767,0.775,0.78,0.787,0.795,0.796,0.801,0.812,0.811,0.813,0.816,0.824,0.837,0.841,0.846,0.851,0.854,49.001,49.735,50.469
42,0.482,0.489,0.501,0.512,0.522,0.532,0.543,0.554,0.565,0.575,0.586,0.597,0.608,0.619,0.631,0.643,0.656,0.668,0.678,0.689,0.698,0.706,0.715,0.723,0.732,0.741,0.749,0.757,43.927,43.49,43.501
43,0.739,0.748,0.758,0.77,0.78,0.79,0.799,0.808,0.813,0.821,0.831,0.839,0.846,0.854,0.863,0.871,0.878,0.892,0.908,0.91,0.914,0.921,0.925,0.928,0.932,0.936,0.939,0.946,40.094,40.094,40.094
44,NaN,NaN,NaN,NaN,NaN,NaN,NaN,NaN,NaN,NaN,NaN,NaN,NaN,NaN,NaN,NaN,NaN,NaN,NaN,NaN,NaN,NaN,NaN,NaN,NaN,NaN,NaN,NaN,33.069,33.073,33.078
45,0.614,0.622,0.631,0.637,0.643,0.647,0.654,0.661,0.666,0.665,0.672,0.674,0.676,0.683,0.689,0.701,0.703,0.715,0.722,0.728,0.732,0.738,0.739,0.75,0.755,0.758,0.763,0.765,50.122,51.681,54.01
46,NaN,NaN,NaN,NaN,NaN,NaN,NaN,NaN,NaN,NaN,0.458,0.466,0.472,0.478,0.484,0.491,0.497,0.503,0.51,0.517,0.524,0.532,0.538,0.546,0.551,0.556,0.563,0.571,58.488,58.488,58.488
47,0.541,0.538,0.536,0.53,0.525,0.515,0.514,0.483,0.508,0.509,0.509,0.515,0.518,0.52,0.525,0.539,0.552,0.553,0.561,0.574,0.581,0.584,0.595,0.6,0.609,0.61,0.606,0.6,60.893,60.893,60.893
48,NaN,NaN,NaN,NaN,NaN,NaN,NaN,NaN,NaN,NaN,NaN,NaN,NaN,NaN,NaN,NaN,NaN,NaN,NaN,NaN,NaN,NaN,NaN,NaN,NaN,NaN,NaN,NaN,NaN,NaN,NaN
49,0.659,0.662,0.673,0.681,0.684,0.69,0.692,0.699,0.705,0.707,0.709,0.714,0.721,0.726,0.731,0.739,0.745,0.754,0.762,0.765,0.769,0.778,0.782,0.787,0.79,0.792,0.796,0.8,49.023,49.304,48.838
50,0.425,0.426,0.428,0.431,0.434,0.44,0.446,0.454,0.459,0.456,0.454,0.453,0.451,0.45,0.451,0.453,0.455,0.458,0.461,0.465,0.47,0.468,0.474,0.48,0.499,0.501,0.506,0.515,57.364,56.309,56.309
51,NaN,NaN,NaN,NaN,NaN,0.709,0.722,0.731,0.74,0.748,0.764,0.779,0.785,0.79,0.801,0.806,0.814,0.818,0.821,0.819,0.824,0.829,0.832,0.839,0.842,0.844,0.85,0.855,30.359,29.736,28.912
52,0.684,0.678,0.671,0.662,0.659,0.661,0.672,0.676,0.68,0.687,0.694,0.701,0.706,0.714,0.728,0.741,0.761,0.775,0.784,0.784,0.779,0.776,0.771,0.766,0.766,0.765,0.763,0.764,48.859,48.859,48.859
53,NaN,NaN,NaN,NaN,NaN,NaN,NaN,NaN,NaN,NaN,NaN,NaN,NaN,NaN,NaN,NaN,NaN,NaN,NaN,NaN,NaN,NaN,NaN,NaN,NaN,NaN,NaN,NaN,47.9,48.39,48.968
54,0.733,0.737,0.746,0.752,0.758,0.765,0.771,0.777,0.789,0.791,0.797,0.804,0.816,0.825,0.83,0.833,0.839,0.845,0.853,0.857,0.859,0.863,0.862,0.863,0.867,0.874,0.881,0.891,31.396,32.694,31.185
55,0.748,0.746,0.747,0.755,0.766,0.775,0.786,0.791,0.794,0.799,0.81,0.82,0.826,0.833,0.838,0.847,0.856,0.862,0.865,0.866,0.872,0.876,0.878,0.884,0.889,0.891,0.894,0.896,25.091,25.216,25.491
56,NaN,NaN,NaN,NaN,NaN,NaN,NaN,NaN,NaN,NaN,NaN,NaN,NaN,NaN,NaN,NaN,NaN,NaN,NaN,NaN,NaN,NaN,NaN,NaN,NaN,NaN,NaN,NaN,0,0,0
57,0.377,0.377,0.375,0.372,0.369,0.372,0.372,0.374,0.371,0.368,0.376,0.373,0.376,0.382,0.388,0.392,0.397,0.401,0.41,0.416,0.424,0.432,0.434,0.44,0.45,0.457,0.466,0.469,56.008,56.008,56.008
58,0.839,0.843,0.845,0.848,0.854,0.857,0.864,0.871,0.878,0.888,0.89,0.897,0.896,0.901,0.906,0.911,0.911,0.912,0.915,0.909,0.913,0.927,0.931,0.933,0.932,0.936,0.943,0.944,26.889,26.391,26.443
59,NaN,NaN,NaN,NaN,NaN,0.32,0.321,0.325,0.326,0.33,0.33,0.34,0.346,0.357,0.365,0.374,0.384,0.394,0.401,0.411,0.422,0.432,0.444,0.453,0.463,0.473,0.482,0.491,43.741,43.741,43.741
60,NaN,NaN,NaN,NaN,NaN,NaN,NaN,NaN,NaN,NaN,0.721,0.718,0.718,0.718,0.723,0.724,0.731,0.73,0.741,0.736,0.735,0.724,0.728,0.72,0.725,0.719,0.728,0.709,55.805,55.805,55.805
61,0.579,0.585,0.595,0.602,0.608,0.614,0.621,0.628,0.634,0.64,0.646,0.651,0.657,0.66,0.663,0.674,0.684,0.692,0.697,0.701,0.707,0.712,0.718,0.722,0.728,0.739,0.759,0.761,43.826,43.006,40.33
62,0.645,0.647,0.652,0.656,0.662,0.667,0.67,0.676,0.681,0.681,0.684,0.691,0.697,0.701,0.708,0.714,0.719,0.722,0.728,0.73,0.736,0.743,0.75,0.755,0.759,0.764,0.761,0.762,45.365,45.369,46.348
63,0.567,0.574,0.58,0.587,0.594,0.601,0.61,0.615,0.62,0.625,0.629,0.633,0.634,0.632,0.635,0.637,0.642,0.649,0.656,0.661,0.667,0.671,0.679,0.684,0.688,0.695,0.702,0.709,35.418,35.418,35.418
64,0.519,0.528,0.538,0.546,0.557,0.567,0.576,0.586,0.595,0.6,0.609,0.612,0.621,0.627,0.633,0.64,0.645,0.651,0.651,0.651,0.657,0.657,0.661,0.664,0.663,0.663,0.664,0.667,40.53,40.58,42.121
65,NaN,NaN,NaN,NaN,NaN,NaN,NaN,NaN,NaN,NaN,0.511,0.524,0.539,0.545,0.556,0.57,0.587,0.599,0.606,0.613,0.609,0.618,0.628,0.633,0.639,0.648,0.65,0.65,55.866,55.866,55.866
66,NaN,NaN,NaN,NaN,NaN,NaN,NaN,NaN,NaN,NaN,NaN,NaN,NaN,NaN,NaN,0.466,0.466,0.465,0.45,0.455,0.458,0.473,0.476,0.472,0.49,0.473,0.477,0.472,54.561,54.561,54.561
67,0.741,0.736,0.726,0.718,0.72,0.733,0.749,0.764,0.772,0.781,0.798,0.807,0.818,0.826,0.836,0.848,0.856,0.859,0.861,0.859,0.864,0.873,0.876,0.881,0.879,0.883,0.884,0.886,30.434,30.453,30.809
68,0.546,0.543,0.537,0.529,0.52,0.515,0.506,0.496,0.485,0.477,0.465,0.456,0.444,0.438,0.436,0.439,0.454,0.464,0.473,0.481,0.498,0.514,0.53,0.546,0.56,0.577,0.59,0.601,64.994,64.994,64.994
69,NaN,NaN,NaN,NaN,NaN,NaN,NaN,NaN,NaN,NaN,0.286,0.299,0.305,0.31,0.323,0.343,0.359,0.376,0.391,0.399,0.409,0.419,0.426,0.437,0.445,0.455,0.465,0.472,50.883,50.883,50.883
70,NaN,NaN,NaN,NaN,NaN,NaN,NaN,NaN,NaN,NaN,NaN,NaN,NaN,NaN,NaN,NaN,NaN,NaN,NaN,NaN,NaN,NaN,NaN,NaN,NaN,NaN,NaN,NaN,NaN,NaN,NaN
71,NaN,NaN,NaN,NaN,NaN,NaN,NaN,NaN,NaN,NaN,NaN,NaN,NaN,NaN,NaN,NaN,NaN,NaN,NaN,NaN,NaN,NaN,NaN,NaN,NaN,NaN,NaN,NaN,NaN,NaN,NaN
72,0.63,0.633,0.639,0.643,0.649,0.654,0.658,0.658,0.661,0.667,0.669,0.67,0.671,0.675,0.682,0.684,0.687,0.689,0.693,0.696,0.699,0.704,0.707,0.712,0.715,0.716,0.721,0.728,35.499,34.78,34.061
73,0.811,0.815,0.821,0.826,0.838,0.844,0.852,0.86,0.868,0.877,0.887,0.897,0.901,0.905,0.901,0.904,0.909,0.911,0.913,0.908,0.912,0.916,0.916,0.926,0.928,0.93,0.931,0.934,27.42,27.368,27.777
74,0.79,0.799,0.806,0.809,0.824,0.829,0.834,0.839,0.843,0.847,0.844,0.847,0.85,0.853,0.861,0.869,0.873,0.876,0.877,0.875,0.88,0.884,0.885,0.888,0.892,0.893,0.896,0.899,33.159,33.829,33.069
75,NaN,NaN,NaN,NaN,NaN,NaN,NaN,NaN,NaN,NaN,NaN,NaN,NaN,NaN,NaN,NaN,NaN,NaN,NaN,NaN,NaN,NaN,NaN,NaN,NaN,NaN,NaN,NaN,NaN,NaN,NaN
76,NaN,NaN,NaN,NaN,NaN,NaN,NaN,NaN,NaN,NaN,NaN,NaN,NaN,NaN,NaN,NaN,NaN,NaN,NaN,NaN,NaN,NaN,NaN,NaN,NaN,NaN,NaN,NaN,NaN,NaN,NaN
77,0.599,0.604,0.605,0.609,0.613,0.617,0.62,0.624,0.63,0.627,0.626,0.632,0.635,0.638,0.638,0.643,0.643,0.646,0.647,0.652,0.656,0.661,0.671,0.678,0.687,0.692,0.696,0.699,46.813,46.813,46.813
78,0.323,0.331,0.34,0.348,0.356,0.364,0.371,0.374,0.38,0.387,0.392,0.398,0.402,0.408,0.419,0.422,0.427,0.433,0.442,0.446,0.449,0.45,0.457,0.461,0.462,0.467,0.472,0.477,51.4,51.4,51.4
79,NaN,NaN,NaN,NaN,NaN,NaN,NaN,NaN,NaN,NaN,0.694,0.7,0.709,0.719,0.727,0.738,0.744,0.755,0.751,0.756,0.763,0.771,0.779,0.784,0.793,0.798,0.802,0.807,39.246,40.213,40.213
80,0.828,0.835,0.842,0.852,0.858,0.863,0.868,0.874,0.879,0.884,0.89,0.897,0.902,0.906,0.915,0.916,0.92,0.923,0.926,0.925,0.929,0.935,0.937,0.938,0.942,0.941,0.941,0.944,31.199,31.721,31.721
81,0.445,0.452,0.457,0.463,0.465,0.472,0.477,0.483,0.488,0.494,0.5,0.499,0.506,0.51,0.517,0.529,0.537,0.547,0.558,0.563,0.571,0.579,0.583,0.587,0.582,0.586,0.586,0.585,57.161,57.161,57.161
82,NaN,NaN,NaN,NaN,NaN,NaN,NaN,NaN,NaN,NaN,NaN,NaN,NaN,NaN,NaN,NaN,NaN,NaN,NaN,NaN,NaN,NaN,NaN,NaN,NaN,NaN,NaN,NaN,NaN,NaN,NaN
83,0.762,0.773,0.774,0.776,0.782,0.784,0.789,0.796,0.806,0.809,0.818,0.827,0.838,0.844,0.852,0.864,0.872,0.866,0.871,0.873,0.874,0.871,0.87,0.874,0.879,0.881,0.877,0.88,33.528,32.25,32.497
84,NaN,NaN,NaN,NaN,NaN,NaN,NaN,NaN,NaN,NaN,NaN,NaN,0.756,0.762,0.754,0.773,0.772,0.778,0.781,0.777,0.779,0.782,0.78,0.783,0.783,0.786,0.787,0.786,47.56,47.56,47.56
85,NaN,NaN,NaN,NaN,NaN,NaN,NaN,NaN,NaN,NaN,NaN,NaN,NaN,NaN,NaN,NaN,NaN,NaN,NaN,NaN,NaN,NaN,NaN,NaN,NaN,NaN,NaN,NaN,NaN,NaN,NaN
86,NaN,NaN,NaN,NaN,NaN,NaN,NaN,NaN,NaN,NaN,NaN,NaN,NaN,NaN,NaN,NaN,NaN,NaN,NaN,NaN,NaN,NaN,NaN,NaN,NaN,NaN,NaN,NaN,NaN,NaN,NaN
87,0.49,0.494,0.497,0.502,0.506,0.511,0.519,0.527,0.535,0.544,0.551,0.556,0.561,0.566,0.57,0.574,0.58,0.59,0.599,0.606,0.613,0.617,0.62,0.623,0.64,0.629,0.633,0.636,47.915,47.915,47.915
88,NaN,NaN,NaN,NaN,NaN,NaN,NaN,NaN,NaN,NaN,NaN,NaN,NaN,NaN,NaN,NaN,NaN,NaN,NaN,NaN,NaN,NaN,NaN,NaN,NaN,NaN,NaN,NaN,NaN,NaN,NaN
89,0.27,0.274,0.281,0.288,0.294,0.302,0.31,0.32,0.33,0.338,0.345,0.352,0.363,0.37,0.377,0.387,0.394,0.402,0.408,0.41,0.415,0.421,0.425,0.43,0.436,0.449,0.466,0.467,47.348,46.933,46.933
90,NaN,NaN,NaN,NaN,NaN,NaN,NaN,NaN,NaN,NaN,NaN,NaN,NaN,NaN,NaN,0.402,0.414,0.421,0.426,0.434,0.441,0.45,0.454,0.458,0.465,0.47,0.476,0.479,51.842,50.562,50.562
91,0.496,0.493,0.509,0.524,0.535,0.54,0.55,0.556,0.561,0.566,0.57,0.578,0.584,0.591,0.604,0.615,0.624,0.631,0.636,0.641,0.65,0.663,0.669,0.674,0.682,0.686,0.693,0.699,44.971,44.971,44.971
92,0.441,0.445,0.447,0.449,0.447,0.457,0.463,0.468,0.474,0.481,0.485,0.487,0.491,0.497,0.494,0.506,0.51,0.516,0.52,0.526,0.449,0.529,0.534,0.54,0.545,0.549,0.552,0.557,60.66,60.66,60.66
93,NaN,NaN,NaN,NaN,NaN,NaN,NaN,NaN,NaN,NaN,NaN,NaN,NaN,NaN,NaN,NaN,NaN,NaN,NaN,NaN,NaN,NaN,NaN,NaN,NaN,NaN,NaN,NaN,NaN,NaN,NaN
94,0.513,0.514,0.518,0.523,0.526,0.532,0.536,0.541,0.524,0.548,0.553,0.557,0.561,0.565,0.57,0.575,0.579,0.584,0.589,0.592,0.596,0.598,0.596,0.602,0.603,0.61,0.615,0.614,47.631,48.849,48.849
95,0.721,0.715,0.714,0.721,0.73,0.736,0.744,0.75,0.755,0.762,0.773,0.782,0.791,0.798,0.802,0.807,0.815,0.818,0.824,0.826,0.829,0.833,0.833,0.843,0.84,0.839,0.843,0.846,27.801,26.879,26.77
96,0.834,0.845,0.852,0.853,0.86,0.857,0.864,0.874,0.885,0.886,0.895,0.902,0.909,0.916,0.92,0.926,0.928,0.933,0.927,0.925,0.927,0.933,0.938,0.942,0.946,0.948,0.951,0.955,26.132,26.132,26.132
97,0.434,0.437,0.442,0.446,0.452,0.458,0.465,0.471,0.477,0.485,0.49,0.495,0.501,0.514,0.523,0.532,0.541,0.55,0.557,0.562,0.572,0.586,0.594,0.6,0.611,0.619,0.63,0.636,51.422,51.422,51.422
98,0.526,0.533,0.541,0.549,0.56,0.571,0.58,0.59,0.587,0.592,0.597,0.605,0.614,0.622,0.621,0.634,0.643,0.646,0.649,0.66,0.667,0.674,0.682,0.687,0.69,0.698,0.701,0.708,39.652,39.045,39.072
99,0.613,0.631,0.638,0.644,0.649,0.656,0.664,0.671,0.677,0.685,0.692,0.7,0.708,0.713,0.722,0.727,0.738,0.742,0.744,0.748,0.756,0.765,0.78,0.78,0.783,0.782,0.785,0.788,43.116,43.985,43.223
100,0.497,0.471,0.502,0.524,0.524,0.516,0.539,0.549,0.564,0.577,0.583,0.588,0.588,0.566,0.588,0.591,0.591,0.596,0.612,0.622,0.629,0.637,0.644,0.648,0.651,0.656,0.661,0.667,40.781,40.781,40.781
101,0.743,0.749,0.757,0.767,0.779,0.786,0.795,0.803,0.837,0.841,0.851,0.859,0.868,0.877,0.888,0.894,0.898,0.904,0.905,0.9,0.908,0.906,0.907,0.911,0.918,0.924,0.929,0.934,31.302,30.301,30.81
102,NaN,NaN,NaN,NaN,NaN,NaN,NaN,NaN,NaN,NaN,NaN,NaN,NaN,NaN,NaN,NaN,NaN,NaN,NaN,NaN,NaN,NaN,NaN,NaN,NaN,NaN,NaN,NaN,NaN,NaN,NaN
103,0.781,0.786,0.791,0.797,0.803,0.807,0.814,0.82,0.828,0.835,0.835,0.838,0.843,0.843,0.847,0.856,0.864,0.876,0.877,0.881,0.887,0.89,0.891,0.896,0.899,0.899,0.902,0.906,38.671,38.671,38.671
104,0.78,0.785,0.793,0.799,0.809,0.815,0.821,0.828,0.832,0.837,0.842,0.849,0.854,0.858,0.866,0.869,0.874,0.878,0.878,0.877,0.88,0.883,0.881,0.88,0.882,0.881,0.886,0.889,36.718,36.019,36.019
105,0.664,0.664,0.665,0.665,0.665,0.665,0.665,0.662,0.661,0.661,0.657,0.666,0.669,0.665,0.68,0.685,0.695,0.703,0.712,0.712,0.711,0.715,0.716,0.715,0.714,0.712,0.71,0.711,47.739,47.739,47.739
106,0.846,0.85,0.852,0.858,0.865,0.867,0.874,0.877,0.877,0.878,0.883,0.885,0.888,0.889,0.893,0.894,0.898,0.9,0.901,0.9,0.903,0.902,0.906,0.909,0.91,0.913,0.914,0.916,32.886,32.886,32.886
107,NaN,NaN,NaN,NaN,NaN,NaN,NaN,NaN,NaN,NaN,NaN,NaN,NaN,NaN,NaN,NaN,NaN,NaN,NaN,NaN,NaN,NaN,NaN,NaN,NaN,NaN,NaN,NaN,NaN,NaN,NaN
108,0.622,0.629,0.643,0.648,0.652,0.658,0.662,0.667,0.671,0.676,0.681,0.687,0.691,0.697,0.707,0.713,0.719,0.716,0.726,0.728,0.727,0.73,0.736,0.738,0.737,0.738,0.74,0.744,40.041,40.041,40.041
109,0.672,0.666,0.663,0.659,0.652,0.652,0.656,0.662,0.666,0.672,0.68,0.695,0.706,0.717,0.729,0.739,0.75,0.757,0.757,0.76,0.766,0.774,0.781,0.789,0.794,0.799,0.797,0.802,31.427,31.427,31.427
110,0.48,0.48,0.479,0.477,0.48,0.481,0.483,0.484,0.486,0.487,0.487,0.49,0.49,0.501,0.513,0.521,0.531,0.54,0.546,0.546,0.545,0.552,0.557,0.562,0.569,0.575,0.586,0.591,55.139,55.139,55.139
111,NaN,NaN,NaN,NaN,NaN,NaN,NaN,NaN,NaN,NaN,0.547,0.587,0.584,0.588,0.585,0.585,0.581,0.582,0.583,0.58,0.584,0.583,0.593,0.602,0.612,0.625,0.619,0.626,33.38,32.896,32.413
112,0.698,0.687,0.697,0.703,0.732,0.762,0.768,0.766,0.772,0.774,0.78,0.779,0.785,0.796,0.8,0.8,0.8,0.802,0.806,0.808,0.811,0.817,0.821,0.813,0.816,0.829,0.832,0.835,40.623,40.623,40.623
113,0.637,0.631,0.62,0.607,0.59,0.584,0.591,0.6,0.606,0.613,0.617,0.626,0.627,0.635,0.638,0.64,0.646,0.652,0.657,0.661,0.661,0.664,0.673,0.68,0.686,0.689,0.692,0.695,31.108,32.549,32.047
114,0.408,0.414,0.42,0.426,0.434,0.437,0.449,0.455,0.462,0.469,0.473,0.48,0.489,0.498,0.506,0.516,0.517,0.531,0.539,0.549,0.557,0.569,0.578,0.587,0.597,0.604,0.61,0.612,40.099,40.44,40.44
115,0.732,0.73,0.707,0.691,0.687,0.696,0.711,0.725,0.736,0.75,0.761,0.772,0.784,0.795,0.805,0.815,0.821,0.825,0.832,0.831,0.827,0.833,0.837,0.846,0.85,0.853,0.858,0.863,35.747,35.268,34.677
116,NaN,NaN,NaN,NaN,NaN,NaN,NaN,NaN,NaN,NaN,NaN,NaN,NaN,NaN,NaN,0.71,0.711,0.724,0.733,0.741,0.749,0.755,0.757,0.756,0.755,0.756,0.76,0.765,35.83,35.83,35.83
117,0.479,0.478,0.476,0.472,0.477,0.473,0.469,0.465,0.464,0.456,0.456,0.452,0.449,0.45,0.448,0.447,0.444,0.45,0.453,0.457,0.47,0.478,0.489,0.494,0.5,0.508,0.518,0.522,58.162,58.162,58.162
118,NaN,NaN,NaN,NaN,NaN,NaN,NaN,NaN,NaN,0.392,0.434,0.44,0.446,0.422,0.435,0.439,0.443,0.448,0.453,0.456,0.46,0.464,0.469,0.474,0.472,0.472,0.478,0.481,50.93,50.93,50.93
119,0.724,0.733,0.735,0.735,0.738,0.74,0.743,0.745,0.745,0.746,0.746,0.748,0.75,0.755,0.758,0.764,0.768,0.771,0.773,0.772,0.774,0.734,0.777,0.766,0.75,0.749,0.746,0.761,40.033,40.045,40.059
120,NaN,NaN,NaN,NaN,NaN,NaN,NaN,NaN,NaN,NaN,0.871,0.887,0.891,0.896,0.91,0.902,0.907,0.909,0.918,0.913,0.916,0.919,0.921,0.921,0.923,0.926,0.925,0.934,32.124,32.332,32.239
121,0.74,0.735,0.72,0.702,0.697,0.704,0.717,0.732,0.744,0.753,0.769,0.779,0.791,0.805,0.813,0.821,0.828,0.835,0.843,0.843,0.846,0.853,0.855,0.858,0.864,0.865,0.87,0.878,36.868,35.421,35.421
122,0.793,0.802,0.806,0.815,0.824,0.828,0.834,0.84,0.847,0.861,0.864,0.867,0.872,0.873,0.881,0.882,0.882,0.885,0.898,0.908,0.912,0.913,0.917,0.922,0.927,0.914,0.922,0.918,35.224,35.869,34.846
123,NaN,NaN,NaN,NaN,NaN,NaN,NaN,NaN,NaN,0.431,0.438,0.445,0.442,0.451,0.459,0.464,0.469,0.477,0.485,0.488,0.488,0.49,0.492,0.494,0.497,0.499,0.501,0.502,56.355,56.355,56.355
124,0.299,0.303,0.31,0.316,0.317,0.362,0.365,0.367,0.369,0.376,0.378,0.386,0.394,0.402,0.41,0.417,0.426,0.433,0.442,0.452,0.461,0.469,0.476,0.484,0.493,0.498,0.501,0.506,56.003,54.664,53.326
125,0.649,0.657,0.665,0.671,0.679,0.686,0.696,0.707,0.71,0.715,0.726,0.726,0.725,0.73,0.731,0.728,0.732,0.744,0.754,0.761,0.768,0.771,0.777,0.782,0.787,0.792,0.798,0.8,40.943,40.943,40.943
126,NaN,NaN,NaN,NaN,NaN,0.588,0.599,0.606,0.611,0.625,0.635,0.639,0.642,0.655,0.656,0.655,0.67,0.67,0.682,0.684,0.692,0.701,0.708,0.715,0.723,0.728,0.734,0.74,45.042,44.692,44.343
127,0.236,0.244,0.248,0.255,0.262,0.268,0.275,0.286,0.297,0.308,0.315,0.327,0.336,0.348,0.355,0.364,0.373,0.381,0.39,0.398,0.406,0.411,0.407,0.404,0.41,0.409,0.407,0.413,35.792,36,40.183
128,0.726,0.73,0.734,0.745,0.748,0.755,0.754,0.763,0.772,0.776,0.779,0.793,0.798,0.812,0.826,0.834,0.832,0.84,0.844,0.849,0.862,0.857,0.865,0.874,0.881,0.887,0.887,0.896,29.316,28.747,31.066
129,NaN,NaN,NaN,NaN,NaN,NaN,NaN,NaN,NaN,NaN,NaN,NaN,NaN,NaN,NaN,NaN,NaN,NaN,NaN,NaN,NaN,0.656,0.659,0.669,0.676,0.688,0.695,0.702,37.623,37.623,37.623
130,NaN,NaN,NaN,NaN,NaN,NaN,NaN,NaN,NaN,NaN,NaN,NaN,NaN,NaN,NaN,NaN,NaN,NaN,NaN,NaN,NaN,NaN,NaN,NaN,NaN,NaN,NaN,NaN,NaN,NaN,NaN
131,0.397,0.401,0.41,0.421,0.432,0.438,0.447,0.448,0.456,0.462,0.461,0.462,0.465,0.47,0.48,0.485,0.495,0.495,0.495,0.505,0.508,0.513,0.522,0.53,0.532,0.536,0.532,0.536,49.318,49.318,49.318
132,0.62,0.627,0.633,0.636,0.64,0.644,0.648,0.654,0.662,0.67,0.682,0.692,0.696,0.704,0.711,0.719,0.725,0.732,0.739,0.746,0.755,0.764,0.774,0.779,0.788,0.791,0.794,0.797,48.112,48.112,48.112
133,NaN,NaN,NaN,NaN,NaN,NaN,NaN,NaN,NaN,NaN,NaN,NaN,NaN,NaN,NaN,NaN,NaN,NaN,NaN,NaN,NaN,NaN,NaN,NaN,NaN,NaN,NaN,NaN,NaN,NaN,NaN
134,0.666,0.668,0.67,0.673,0.678,0.678,0.685,0.692,0.699,0.704,0.709,0.712,0.719,0.725,0.729,0.733,0.741,0.743,0.745,0.745,0.747,0.753,0.76,0.761,0.765,0.769,0.773,0.776,46.438,45.834,45.23
135,NaN,NaN,NaN,NaN,NaN,NaN,NaN,NaN,NaN,NaN,0.637,0.641,0.636,0.643,0.641,0.642,0.643,0.642,0.641,0.642,0.644,0.646,0.644,0.642,0.64,0.642,0.643,0.643,41.386,41.386,41.386
136,NaN,NaN,NaN,NaN,NaN,NaN,NaN,NaN,NaN,NaN,NaN,NaN,NaN,NaN,NaN,NaN,NaN,NaN,NaN,NaN,NaN,NaN,NaN,NaN,NaN,NaN,NaN,NaN,32.124,32.332,32.239
137,0.579,0.575,0.564,0.55,0.553,0.558,0.561,0.569,0.579,0.587,0.595,0.606,0.615,0.629,0.646,0.658,0.669,0.68,0.69,0.694,0.7,0.71,0.72,0.73,0.735,0.739,0.741,0.742,36.049,36.049,36.049
138,NaN,NaN,NaN,NaN,NaN,NaN,NaN,NaN,NaN,NaN,NaN,NaN,NaN,0.749,0.758,0.761,0.771,0.783,0.797,0.798,0.806,0.811,0.813,0.819,0.822,0.827,0.826,0.833,35.92,35.401,34.477
139,NaN,NaN,NaN,NaN,NaN,NaN,NaN,NaN,NaN,NaN,NaN,NaN,NaN,NaN,NaN,NaN,NaN,NaN,NaN,NaN,NaN,NaN,NaN,NaN,NaN,NaN,NaN,NaN,47.9,48.39,48.968
140,0.448,0.454,0.459,0.465,0.477,0.481,0.493,0.497,0.505,0.515,0.525,0.536,0.547,0.557,0.564,0.57,0.576,0.583,0.59,0.596,0.604,0.616,0.626,0.636,0.645,0.656,0.662,0.671,42.204,42.204,42.204
141,0.239,0.242,0.237,0.243,0.245,0.248,0.26,0.272,0.283,0.296,0.303,0.317,0.325,0.339,0.349,0.359,0.367,0.38,0.391,0.4,0.407,0.412,0.418,0.432,0.438,0.445,0.448,0.45,59.372,59.372,59.372
142,0.333,0.344,0.356,0.363,0.369,0.373,0.38,0.383,0.39,0.398,0.407,0.415,0.425,0.435,0.445,0.456,0.466,0.475,0.461,0.497,0.506,0.517,0.526,0.538,0.548,0.557,0.567,0.58,34.513,34.513,34.513
143,0.595,0.6,0.603,0.601,0.6,0.593,0.581,0.572,0.564,0.553,0.549,0.544,0.544,0.547,0.551,0.553,0.559,0.567,0.574,0.579,0.584,0.59,0.599,0.61,0.619,0.627,0.631,0.634,62.269,62.269,62.269
144,NaN,NaN,NaN,NaN,NaN,NaN,NaN,NaN,NaN,NaN,NaN,NaN,NaN,NaN,NaN,0.527,0.499,0.506,0.547,0.545,0.559,0.572,0.586,0.597,0.618,0.642,0.655,0.664,34.771,34.771,34.771
145,0.395,0.403,0.411,0.416,0.423,0.428,0.437,0.444,0.449,0.455,0.461,0.462,0.469,0.476,0.484,0.492,0.503,0.508,0.518,0.53,0.543,0.552,0.557,0.563,0.567,0.568,0.574,0.581,47.02,47.02,47.02
146,0.847,0.852,0.853,0.855,0.88,0.878,0.882,0.883,0.884,0.886,0.892,0.893,0.89,0.893,0.896,0.899,0.905,0.911,0.911,0.912,0.917,0.927,0.927,0.929,0.931,0.932,0.933,0.936,28.882,28.42,29.422
147,NaN,NaN,NaN,NaN,NaN,NaN,NaN,NaN,NaN,NaN,NaN,NaN,NaN,NaN,NaN,NaN,NaN,NaN,NaN,NaN,NaN,NaN,NaN,NaN,NaN,NaN,NaN,NaN,NaN,NaN,NaN
148,0.812,0.815,0.823,0.839,0.852,0.859,0.863,0.871,0.88,0.885,0.894,0.9,0.904,0.908,0.912,0.917,0.918,0.919,0.919,0.922,0.924,0.924,0.927,0.93,0.931,0.933,0.935,0.935,34.893,34.893,34.893
149,0.487,0.497,0.502,0.505,0.511,0.52,0.53,0.539,0.541,0.556,0.563,0.568,0.573,0.575,0.58,0.585,0.59,0.596,0.602,0.603,0.611,0.619,0.625,0.631,0.638,0.644,0.65,0.656,49.188,49.188,49.188
150,0.212,0.214,0.218,0.223,0.229,0.235,0.24,0.245,0.253,0.256,0.26,0.266,0.271,0.276,0.286,0.296,0.303,0.309,0.318,0.325,0.336,0.344,0.352,0.358,0.363,0.367,0.372,0.377,51.929,52.344,52.344
151,NaN,NaN,NaN,NaN,NaN,NaN,NaN,NaN,NaN,NaN,NaN,NaN,NaN,0.449,0.461,0.468,0.475,0.479,0.482,0.486,0.488,0.494,0.499,0.504,0.513,0.52,0.526,0.528,35.614,35.541,35.541
152,NaN,NaN,NaN,NaN,NaN,NaN,NaN,NaN,NaN,NaN,NaN,NaN,NaN,NaN,NaN,NaN,NaN,NaN,NaN,NaN,NaN,NaN,NaN,NaN,NaN,NaN,NaN,NaN,NaN,NaN,NaN
153,NaN,NaN,NaN,NaN,NaN,0.644,0.65,0.654,0.661,0.669,0.676,0.681,0.684,0.69,0.697,0.704,0.712,0.717,0.736,0.74,0.746,0.751,0.755,0.763,0.769,0.777,0.782,0.789,33.844,33.071,33.071
154,NaN,NaN,NaN,NaN,NaN,NaN,NaN,NaN,NaN,NaN,NaN,NaN,NaN,NaN,NaN,NaN,NaN,NaN,NaN,NaN,NaN,NaN,NaN,NaN,NaN,NaN,NaN,NaN,NaN,NaN,NaN
155,0.845,0.853,0.859,0.867,0.883,0.88,0.887,0.893,0.903,0.907,0.914,0.913,0.915,0.923,0.929,0.93,0.934,0.936,0.935,0.935,0.938,0.94,0.941,0.945,0.949,0.952,0.956,0.959,27.446,27.322,27.47
156,NaN,NaN,NaN,NaN,NaN,NaN,NaN,NaN,NaN,NaN,0.702,0.714,0.722,0.732,0.74,0.748,0.757,0.764,0.77,0.784,0.798,0.811,0.813,0.814,0.818,0.824,0.832,0.833,39.97,39.97,39.97
157,0.394,0.399,0.403,0.405,0.409,0.411,0.417,0.419,0.423,0.429,0.434,0.441,0.447,0.455,0.468,0.477,0.485,0.49,0.489,0.493,0.496,0.5,0.504,0.51,0.519,0.525,0.533,0.534,44.998,44.611,44.611
158,NaN,NaN,NaN,NaN,NaN,NaN,NaN,NaN,NaN,NaN,0.747,0.754,0.76,0.765,0.768,0.779,0.78,0.782,0.78,0.777,0.775,0.778,0.78,0.776,0.777,0.782,0.784,0.786,41.95,41.95,41.95
159,0.672,0.675,0.681,0.687,0.689,0.692,0.697,0.703,0.71,0.716,0.722,0.727,0.734,0.738,0.744,0.75,0.756,0.765,0.769,0.771,0.775,0.781,0.788,0.794,0.797,0.802,0.809,0.814,50.373,50.757,50.757
160,0.394,0.402,0.412,0.425,0.438,0.44,0.445,0.445,0.447,0.454,0.456,0.459,0.462,0.467,0.465,0.469,0.471,0.479,0.484,0.489,0.497,0.502,0.51,0.516,0.531,0.54,0.547,0.553,42.726,42.726,42.726
161,0.604,0.609,0.614,0.621,0.626,0.631,0.64,0.646,0.652,0.656,0.656,0.662,0.669,0.663,0.671,0.673,0.674,0.681,0.691,0.691,0.7,0.711,0.716,0.729,0.731,0.738,0.736,0.739,48.152,48.064,46.661
162,0.62,0.624,0.624,0.628,0.637,0.646,0.65,0.655,0.663,0.672,0.675,0.683,0.684,0.683,0.69,0.685,0.69,0.7,0.707,0.711,0.725,0.731,0.741,0.749,0.754,0.758,0.764,0.765,45.481,44.553,47.985
163,0.598,0.6,0.604,0.606,0.611,0.614,0.622,0.627,0.632,0.635,0.635,0.64,0.646,0.652,0.658,0.659,0.659,0.663,0.666,0.666,0.673,0.677,0.684,0.689,0.693,0.696,0.696,0.7,42.084,42.084,42.084
164,0.715,0.711,0.716,0.73,0.74,0.747,0.756,0.767,0.777,0.784,0.794,0.802,0.809,0.814,0.812,0.819,0.824,0.828,0.834,0.838,0.845,0.851,0.855,0.865,0.867,0.869,0.872,0.874,30.768,30.907,31.776
165,0.703,0.714,0.731,0.747,0.76,0.768,0.777,0.784,0.791,0.788,0.793,0.797,0.8,0.803,0.811,0.813,0.819,0.822,0.825,0.827,0.831,0.836,0.837,0.842,0.847,0.85,0.851,0.857,33.776,33.46,32.755
166,NaN,NaN,NaN,NaN,NaN,NaN,NaN,NaN,NaN,NaN,NaN,NaN,NaN,NaN,NaN,NaN,NaN,NaN,NaN,NaN,NaN,NaN,NaN,NaN,NaN,NaN,NaN,NaN,52.3,52.3,52.3
167,0.764,0.761,0.766,0.772,0.778,0.779,0.783,0.794,0.796,0.795,0.793,0.794,0.796,0.801,0.804,0.811,0.818,0.827,0.835,0.833,0.829,0.83,0.84,0.852,0.85,0.852,0.853,0.862,35.161,34.591,34.648
168,0.731,0.742,0.751,0.761,0.77,0.78,0.791,0.804,0.802,0.814,0.824,0.832,0.841,0.845,0.853,0.861,0.866,0.871,0.874,0.876,0.89,0.895,0.897,0.902,0.906,0.908,0.912,0.915,31.688,31.688,31.688
169,0.688,0.677,0.662,0.662,0.639,0.642,0.639,0.646,0.646,0.647,0.655,0.662,0.671,0.681,0.691,0.698,0.706,0.711,0.718,0.713,0.716,0.719,0.722,0.726,0.749,0.749,0.755,0.764,29.896,30.173,30.173
170,NaN,NaN,NaN,NaN,NaN,NaN,NaN,NaN,NaN,NaN,NaN,NaN,NaN,NaN,NaN,NaN,NaN,NaN,NaN,NaN,NaN,NaN,NaN,NaN,NaN,NaN,NaN,NaN,NaN,NaN,NaN
171,0.709,0.694,0.683,0.683,0.686,0.692,0.698,0.701,0.706,0.714,0.721,0.727,0.734,0.733,0.74,0.75,0.768,0.78,0.807,0.819,0.813,0.813,0.807,0.811,0.811,0.813,0.815,0.823,36.212,35.946,35.062
172,0.741,0.738,0.726,0.708,0.696,0.696,0.706,0.715,0.719,0.722,0.733,0.743,0.749,0.757,0.764,0.767,0.778,0.789,0.793,0.791,0.797,0.807,0.811,0.816,0.818,0.823,0.826,0.827,34.668,34.69,35.023
173,NaN,NaN,NaN,NaN,NaN,0.279,0.28,0.281,0.289,0.303,0.328,0.346,0.367,0.385,0.403,0.421,0.44,0.454,0.465,0.477,0.485,0.493,0.501,0.502,0.507,0.509,0.518,0.52,56.97,56.97,56.97
174,NaN,NaN,NaN,NaN,NaN,NaN,NaN,NaN,NaN,NaN,NaN,NaN,NaN,NaN,NaN,NaN,NaN,NaN,NaN,NaN,NaN,NaN,NaN,NaN,NaN,NaN,NaN,NaN,NaN,NaN,NaN
175,NaN,NaN,NaN,NaN,NaN,NaN,NaN,NaN,NaN,NaN,NaN,NaN,NaN,NaN,NaN,NaN,NaN,NaN,NaN,NaN,NaN,NaN,NaN,NaN,NaN,NaN,NaN,NaN,NaN,NaN,NaN
176,NaN,NaN,NaN,NaN,NaN,NaN,NaN,NaN,NaN,NaN,NaN,NaN,NaN,NaN,NaN,0.759,0.765,0.769,0.776,0.782,0.79,0.801,0.809,0.819,0.827,0.829,0.836,0.836,47.9,48.39,48.968
177,0.666,0.668,0.674,0.676,0.677,0.679,0.683,0.683,0.687,0.691,0.692,0.693,0.697,0.701,0.706,0.711,0.722,0.721,0.73,0.733,0.731,0.737,0.731,0.723,0.727,0.736,0.744,0.742,50.996,50.996,50.996
178,NaN,NaN,NaN,NaN,NaN,NaN,NaN,NaN,NaN,NaN,NaN,NaN,NaN,NaN,NaN,NaN,NaN,NaN,NaN,NaN,NaN,NaN,NaN,NaN,NaN,NaN,NaN,NaN,NaN,NaN,NaN
179,NaN,NaN,NaN,NaN,NaN,NaN,NaN,NaN,NaN,NaN,0.691,0.697,0.704,0.712,0.719,0.727,0.737,0.747,0.752,0.756,0.756,0.759,0.762,0.766,0.772,0.777,0.783,0.789,48.298,48.094,47.735
180,NaN,NaN,NaN,NaN,NaN,0.651,0.659,0.661,0.664,0.668,0.672,0.679,0.678,0.683,0.688,0.692,0.695,0.7,0.702,0.693,0.704,0.706,0.703,0.704,0.707,0.71,0.714,0.714,40.433,40.433,40.433
181,0.841,0.844,0.845,0.85,0.855,0.861,0.862,0.867,0.872,0.875,0.875,0.879,0.882,0.883,0.885,0.888,0.892,0.895,0.898,0.9,0.901,0.895,0.886,0.882,0.879,0.872,0.868,0.867,32.124,32.332,32.239
182,0.48,0.48,0.481,0.481,0.483,0.484,0.487,0.488,0.49,0.495,0.498,0.504,0.508,0.516,0.522,0.529,0.539,0.543,0.544,0.55,0.553,0.556,0.562,0.573,0.584,0.595,0.599,0.604,55.118,55.118,55.118
183,0.699,0.707,0.713,0.717,0.72,0.724,0.728,0.732,0.738,0.74,0.746,0.752,0.756,0.765,0.775,0.783,0.785,0.786,0.794,0.798,0.805,0.816,0.824,0.831,0.836,0.842,0.846,0.849,35.161,34.591,34.648
184,0.371,0.372,0.373,0.373,0.373,0.375,0.376,0.377,0.379,0.382,0.388,0.395,0.399,0.407,0.414,0.421,0.429,0.442,0.454,0.461,0.47,0.483,0.491,0.497,0.501,0.501,0.51,0.511,53.442,53.196,53.196
185,NaN,NaN,NaN,NaN,NaN,0.675,0.679,0.685,0.686,0.677,0.689,0.699,0.701,0.71,0.721,0.732,0.743,0.753,0.764,0.766,0.768,0.773,0.78,0.785,0.787,0.794,0.8,0.802,30.13,28.674,28.103
186,NaN,NaN,NaN,NaN,NaN,NaN,NaN,NaN,NaN,NaN,0.755,0.749,0.749,0.749,0.748,0.762,0.753,0.771,0.77,0.771,0.774,0.768,0.784,0.786,0.796,0.797,0.798,0.798,34.43,32.111,32.111
187,0.314,0.304,0.305,0.312,0.312,0.314,0.312,0.307,0.304,0.301,0.319,0.33,0.346,0.355,0.363,0.369,0.371,0.392,0.403,0.411,0.416,0.424,0.427,0.445,0.447,0.438,0.446,0.448,51.195,51.195,51.195
188,0.78,0.788,0.796,0.805,0.814,0.821,0.829,0.841,0.846,0.854,0.863,0.867,0.872,0.878,0.886,0.896,0.901,0.906,0.91,0.91,0.921,0.924,0.926,0.93,0.932,0.935,0.937,0.938,40.234,40.234,40.234
189,NaN,NaN,NaN,NaN,NaN,NaN,NaN,NaN,NaN,NaN,NaN,NaN,NaN,NaN,NaN,NaN,NaN,NaN,NaN,NaN,NaN,NaN,NaN,NaN,NaN,NaN,NaN,NaN,47.9,48.39,48.968
190,NaN,NaN,NaN,NaN,NaN,0.716,0.728,0.735,0.746,0.752,0.761,0.768,0.777,0.783,0.793,0.802,0.812,0.822,0.831,0.834,0.841,0.846,0.846,0.849,0.851,0.852,0.855,0.857,23.211,24.983,23.234
191,NaN,NaN,NaN,NaN,NaN,0.761,0.771,0.782,0.794,0.812,0.823,0.838,0.849,0.858,0.864,0.869,0.878,0.881,0.889,0.886,0.89,0.892,0.892,0.901,0.903,0.903,0.909,0.912,25.023,25.434,25.159
192,NaN,NaN,NaN,NaN,NaN,NaN,NaN,NaN,NaN,0.501,0.488,0.492,0.497,0.503,0.51,0.516,0.523,0.524,0.533,0.54,0.553,0.557,0.558,0.563,0.562,0.562,0.564,0.566,39.199,39.199,39.199
193,NaN,NaN,NaN,NaN,NaN,NaN,NaN,NaN,NaN,NaN,NaN,NaN,NaN,NaN,NaN,NaN,NaN,NaN,NaN,NaN,NaN,NaN,NaN,NaN,NaN,NaN,NaN,NaN,54.812,54.812,54.812
194,0.635,0.643,0.648,0.652,0.657,0.66,0.655,0.65,0.643,0.638,0.633,0.629,0.633,0.629,0.63,0.632,0.637,0.644,0.653,0.665,0.675,0.686,0.696,0.705,0.714,0.721,0.711,0.725,66.918,66.918,66.918
195,NaN,NaN,NaN,NaN,NaN,NaN,NaN,NaN,NaN,NaN,NaN,NaN,NaN,NaN,NaN,NaN,NaN,NaN,NaN,NaN,0.406,0.408,0.377,0.378,0.376,0.381,0.376,0.378,59.011,59.011,59.011
196,0.762,0.769,0.776,0.784,0.792,0.799,0.805,0.811,0.815,0.819,0.828,0.833,0.838,0.84,0.846,0.851,0.856,0.857,0.858,0.86,0.868,0.873,0.875,0.88,0.884,0.889,0.894,0.896,34.853,34.849,34.41
197,0.641,0.645,0.654,0.662,0.667,0.669,0.674,0.68,0.685,0.693,0.689,0.691,0.695,0.7,0.683,0.71,0.713,0.718,0.719,0.711,0.735,0.741,0.747,0.752,0.757,0.76,0.765,0.77,46.132,46.132,46.132
198,NaN,NaN,NaN,NaN,NaN,NaN,NaN,NaN,NaN,NaN,NaN,NaN,NaN,NaN,0.652,0.662,0.662,0.672,0.678,0.683,0.688,0.696,0.702,0.704,0.698,0.71,0.715,0.718,44.891,44.891,44.891
199,0.322,0.328,0.318,0.328,0.371,0.361,0.369,0.382,0.371,0.409,0.42,0.428,0.434,0.438,0.441,0.448,0.466,0.472,0.48,0.489,0.489,0.491,0.498,0.503,0.511,0.514,0.517,0.52,53.46,53.46,53.46
200,NaN,NaN,NaN,NaN,NaN,NaN,NaN,NaN,NaN,NaN,NaN,NaN,NaN,NaN,0.667,0.673,0.678,0.684,0.689,0.693,0.696,0.697,0.698,0.7,0.701,0.707,0.709,0.71,57.614,57.614,57.614
201,0.808,0.811,0.818,0.84,0.852,0.859,0.867,0.878,0.891,0.897,0.903,0.906,0.909,0.914,0.901,0.903,0.907,0.909,0.905,0.904,0.91,0.912,0.912,0.932,0.935,0.937,0.939,0.941,28.719,29.843,29.201
202,0.85,0.852,0.855,0.859,0.861,0.863,0.867,0.872,0.878,0.881,0.885,0.888,0.888,0.893,0.898,0.903,0.913,0.92,0.926,0.935,0.94,0.94,0.943,0.947,0.951,0.952,0.954,0.955,33.179,33.362,33.362
203,0.563,0.568,0.573,0.574,0.578,0.58,0.583,0.586,0.587,0.586,0.587,0.595,0.602,0.613,0.626,0.639,0.65,0.657,0.651,0.66,0.661,0.687,0.638,0.558,0.544,0.552,0.551,0.558,35.316,35.316,35.316
204,0.616,0.61,0.558,0.531,0.522,0.533,0.516,0.524,0.532,0.539,0.548,0.558,0.569,0.581,0.591,0.606,0.615,0.62,0.628,0.629,0.631,0.636,0.641,0.647,0.649,0.651,0.655,0.659,35.929,35.929,35.929
205,0.581,0.591,0.601,0.611,0.619,0.625,0.634,0.639,0.643,0.653,0.663,0.677,0.688,0.698,0.707,0.715,0.721,0.732,0.735,0.738,0.743,0.749,0.752,0.754,0.785,0.789,0.793,0.795,38.196,37.038,37.179
206,NaN,NaN,NaN,NaN,NaN,NaN,NaN,NaN,NaN,NaN,0.495,0.509,0.522,0.522,0.536,0.553,0.579,0.601,0.627,0.625,0.639,0.649,0.644,0.64,0.63,0.621,0.61,0.614,33.026,33.026,33.026
207,0.399,0.403,0.395,0.392,0.402,0.414,0.422,0.43,0.43,0.434,0.436,0.439,0.443,0.449,0.448,0.446,0.452,0.445,0.452,0.46,0.469,0.483,0.487,0.495,0.502,0.51,0.515,0.522,56.263,56.124,56.124
208,NaN,NaN,NaN,NaN,NaN,NaN,NaN,NaN,NaN,NaN,NaN,NaN,NaN,NaN,NaN,NaN,NaN,NaN,NaN,NaN,NaN,NaN,NaN,NaN,NaN,NaN,NaN,NaN,NaN,NaN,NaN
209,0.64,0.647,0.651,0.657,0.666,0.67,0.672,0.674,0.678,0.681,0.679,0.682,0.686,0.693,0.694,0.695,0.696,0.698,0.704,0.704,0.709,0.716,0.718,0.719,0.721,0.723,0.728,0.734,39.101,39.101,39.101
210,0.656,0.661,0.659,0.663,0.666,0.674,0.68,0.686,0.696,0.699,0.708,0.716,0.727,0.733,0.747,0.753,0.762,0.768,0.771,0.782,0.785,0.788,0.794,0.801,0.806,0.812,0.81,0.811,40.134,40.134,40.134
211,0.566,0.572,0.578,0.585,0.596,0.603,0.613,0.621,0.633,0.644,0.651,0.658,0.663,0.669,0.679,0.686,0.693,0.7,0.705,0.709,0.713,0.715,0.716,0.719,0.721,0.724,0.728,0.732,39.42,39.42,39.42
212,0.598,0.602,0.608,0.615,0.616,0.623,0.63,0.638,0.648,0.652,0.669,0.675,0.685,0.691,0.696,0.701,0.711,0.718,0.721,0.728,0.75,0.763,0.772,0.802,0.812,0.821,0.826,0.833,44.441,43.463,44.66
213,NaN,NaN,NaN,NaN,NaN,NaN,NaN,NaN,NaN,NaN,NaN,NaN,NaN,NaN,NaN,0.652,0.661,0.672,0.682,0.69,0.699,0.708,0.714,0.716,0.719,0.725,0.729,0.729,40.964,40.964,40.964
214,NaN,NaN,NaN,NaN,NaN,NaN,NaN,NaN,NaN,NaN,NaN,NaN,NaN,NaN,NaN,NaN,NaN,NaN,NaN,NaN,NaN,NaN,NaN,NaN,NaN,NaN,NaN,NaN,47.9,48.39,48.968
215,0.564,0.567,0.562,0.575,0.582,0.581,0.579,0.585,0.595,0.596,0.599,0.61,0.622,0.608,0.614,0.614,0.616,0.618,0.624,0.622,0.623,0.623,0.631,0.637,0.637,0.656,0.651,0.651,40.146,40.146,40.146
216,0.329,0.331,0.325,0.333,0.336,0.342,0.353,0.363,0.372,0.383,0.392,0.402,0.414,0.427,0.441,0.451,0.463,0.473,0.481,0.491,0.5,0.504,0.504,0.511,0.518,0.525,0.531,0.534,56.282,56.253,56.225
217,0.731,0.724,0.715,0.702,0.689,0.683,0.683,0.688,0.694,0.696,0.698,0.713,0.721,0.73,0.739,0.743,0.752,0.759,0.763,0.761,0.766,0.772,0.774,0.774,0.774,0.764,0.767,0.771,29.943,30.334,29.642
218,0.717,0.729,0.734,0.743,0.75,0.756,0.762,0.768,0.774,0.781,0.79,0.794,0.798,0.807,0.811,0.815,0.82,0.825,0.827,0.825,0.828,0.835,0.841,0.847,0.853,0.86,0.866,0.898,27.617,25.96,25.96
219,0.804,0.809,0.815,0.819,0.827,0.83,0.836,0.843,0.848,0.855,0.863,0.869,0.874,0.879,0.889,0.895,0.894,0.897,0.902,0.907,0.913,0.909,0.91,0.923,0.924,0.923,0.926,0.929,32.624,33.689,33.689
220,0.366,0.366,0.365,0.367,0.365,0.366,0.368,0.371,0.378,0.388,0.396,0.404,0.414,0.425,0.435,0.445,0.455,0.464,0.472,0.482,0.493,0.498,0.501,0.504,0.506,0.507,0.509,0.517,54.871,54.871,54.871
221,0.875,0.875,0.88,0.882,0.885,0.886,0.887,0.889,0.891,0.891,0.894,0.895,0.896,0.898,0.902,0.904,0.908,0.911,0.912,0.913,0.916,0.918,0.92,0.922,0.923,0.924,0.926,0.928,41.148,41.36,41.491
222,NaN,NaN,NaN,NaN,NaN,NaN,NaN,NaN,NaN,NaN,NaN,NaN,NaN,NaN,NaN,NaN,NaN,NaN,NaN,NaN,NaN,NaN,NaN,NaN,NaN,NaN,NaN,NaN,NaN,NaN,NaN
223,0.702,0.706,0.709,0.712,0.718,0.72,0.726,0.738,0.747,0.751,0.754,0.761,0.765,0.771,0.77,0.768,0.767,0.769,0.773,0.776,0.785,0.791,0.794,0.802,0.805,0.807,0.811,0.815,40.234,40.194,40.796
224,NaN,NaN,NaN,NaN,NaN,NaN,NaN,NaN,NaN,NaN,0.603,0.61,0.617,0.624,0.631,0.636,0.642,0.655,0.66,0.666,0.675,0.682,0.688,0.693,0.698,0.701,0.709,0.714,36.85,36.85,36.85
225,NaN,NaN,NaN,NaN,NaN,NaN,NaN,NaN,NaN,NaN,NaN,NaN,NaN,NaN,NaN,0.557,0.564,0.567,0.575,0.576,0.578,0.581,0.581,0.586,0.59,0.592,0.596,0.599,36.468,36.098,35.729
226,0.657,0.668,0.675,0.678,0.679,0.685,0.687,0.694,0.697,0.695,0.699,0.704,0.711,0.702,0.713,0.722,0.73,0.747,0.754,0.754,0.759,0.766,0.769,0.771,0.768,0.766,0.759,0.75,37.448,37.448,37.448
227,0.492,0.503,0.514,0.526,0.536,0.55,0.56,0.571,0.58,0.589,0.599,0.609,0.619,0.628,0.637,0.645,0.653,0.66,0.665,0.671,0.676,0.681,0.684,0.689,0.693,0.697,0.702,0.706,36.409,36.409,36.409
228,NaN,NaN,NaN,NaN,NaN,NaN,NaN,NaN,NaN,NaN,NaN,NaN,NaN,NaN,NaN,NaN,NaN,NaN,NaN,NaN,NaN,NaN,NaN,NaN,NaN,NaN,NaN,NaN,NaN,NaN,NaN
229,NaN,NaN,NaN,NaN,NaN,NaN,NaN,NaN,NaN,NaN,NaN,NaN,NaN,NaN,NaN,NaN,NaN,NaN,NaN,NaN,NaN,NaN,NaN,NaN,NaN,NaN,NaN,NaN,NaN,NaN,NaN
230,0.357,0.361,0.368,0.374,0.378,0.389,0.4,0.408,0.417,0.424,0.434,0.444,0.453,0.462,0.47,0.476,0.481,0.485,0.488,0.493,0.496,0.495,0.497,0.496,0.485,0.455,0.443,0.432,39.616,39.616,39.616
231,0.417,0.411,0.408,0.412,0.407,0.407,0.409,0.41,0.409,0.412,0.418,0.426,0.434,0.448,0.459,0.472,0.484,0.495,0.506,0.519,0.528,0.534,0.548,0.554,0.557,0.563,0.564,0.568,66.506,66.506,66.506
232,0.479,0.481,0.465,0.46,0.457,0.449,0.448,0.445,0.439,0.431,0.426,0.416,0.427,0.414,0.419,0.42,0.422,0.423,0.42,0.454,0.481,0.502,0.522,0.532,0.539,0.544,0.547,0.552,57.668,57.668,57.668