Under 5 Years Old Mortality Rate,1990,1991,1992,1993,1994,1995,1996,1997,1998,1999,2000,2001,2002,2003,2004,2005,2006,2007,2008,2009,2010,2011,2012,2013,2014,2015,2016,2017,2018,2019,2020
1,0.1811,0.1749,0.169,0.1634,0.1583,0.1532,0.1486,0.1442,0.1399,0.1358,0.1316,0.1274,0.123,0.1185,0.114,0.1095,0.105,0.1006,0.0963,0.0923,0.0884,0.0847,0.0813,0.0782,0.0753,0.0727,0.0702,0.0679,0.0658,0.0636,0.0616
2,0.0407,0.039,0.0375,0.0362,0.035,0.0337,0.0324,0.0311,0.0298,0.0285,0.0271,0.0258,0.0243,0.0229,0.0214,0.02,0.0185,0.0171,0.0158,0.0145,0.0133,0.0122,0.0112,0.0105,0.0099,0.0096,0.0094,0.0093,0.0093,0.0094,0.0094
3,0.051,0.0504,0.05,0.0495,0.0489,0.048,0.047,0.0458,0.0445,0.0432,0.0417,0.0401,0.0385,0.0369,0.0353,0.0338,0.0323,0.031,0.0298,0.0287,0.0278,0.0271,0.0265,0.026,0.0257,0.0253,0.0249,0.0245,0.024,0.0235,0.0229
4,NaN,NaN,NaN,NaN,NaN,NaN,NaN,NaN,NaN,NaN,NaN,NaN,NaN,NaN,NaN,NaN,NaN,NaN,NaN,NaN,NaN,NaN,NaN,NaN,NaN,NaN,NaN,NaN,NaN,NaN,NaN
5,0.0129,0.0121,0.0115,0.0109,0.0103,0.0098,0.0093,0.0088,0.0084,0.008,0.0076,0.0072,0.0068,0.0065,0.0062,0.0059,0.0056,0.0054,0.0051,0.0048,0.0046,0.0044,0.0041,0.0039,0.0038,0.0036,0.0034,0.0032,0.0031,0.003,0.0029
6,0.2236,0.2232,0.2229,0.2225,0.2218,0.2208,0.2189,0.2161,0.2125,0.208,0.2029,0.197,0.19,0.1823,0.1737,0.1647,0.1552,0.1459,0.1367,0.1277,0.1196,0.1115,0.1043,0.0979,0.0925,0.0879,0.084,0.0804,0.0771,0.0742,0.0715
7,NaN,NaN,NaN,NaN,NaN,NaN,NaN,NaN,NaN,NaN,NaN,NaN,NaN,NaN,NaN,NaN,NaN,NaN,NaN,NaN,NaN,NaN,NaN,NaN,NaN,NaN,NaN,NaN,NaN,NaN,NaN
8,0.0135,0.0139,0.0143,0.0147,0.0151,0.0153,0.0155,0.0155,0.0154,0.0152,0.0149,0.0146,0.0143,0.0139,0.0136,0.0133,0.013,0.0127,0.0124,0.0122,0.0119,0.0117,0.0115,0.0113,0.0111,0.0109,0.0108,0.0106,0.0104,0.0102,0.01
9,0.0288,0.0283,0.0276,0.0266,0.0254,0.0242,0.023,0.0219,0.0209,0.0201,0.0194,0.0188,0.0184,0.0178,0.0173,0.0167,0.0162,0.0158,0.0154,0.015,0.0145,0.0139,0.0133,0.0128,0.0122,0.0118,0.0114,0.011,0.0106,0.0103,0.01
10,0.0488,0.0468,0.0447,0.0427,0.0408,0.0389,0.0371,0.0354,0.0337,0.0321,0.0306,0.0291,0.0277,0.0264,0.0251,0.0238,0.0227,0.0216,0.0205,0.0195,0.0186,0.0177,0.0168,0.016,0.0152,0.0145,0.0138,0.0131,0.0125,0.0119,0.0113
11,NaN,NaN,NaN,NaN,NaN,NaN,NaN,NaN,NaN,NaN,NaN,NaN,NaN,NaN,NaN,NaN,NaN,NaN,NaN,NaN,NaN,NaN,NaN,NaN,NaN,NaN,NaN,NaN,NaN,NaN,NaN
12,0.0092,0.0087,0.0082,0.0077,0.0073,0.007,0.0068,0.0066,0.0064,0.0063,0.0062,0.0061,0.006,0.0059,0.0058,0.0057,0.0056,0.0054,0.0052,0.005,0.0048,0.0045,0.0043,0.0041,0.004,0.0039,0.0038,0.0038,0.0038,0.0038,0.0038
13,0.0095,0.009,0.0085,0.0079,0.0074,0.0068,0.0064,0.006,0.0058,0.0056,0.0055,0.0054,0.0053,0.0052,0.0051,0.0049,0.0048,0.0046,0.0045,0.0044,0.0043,0.0042,0.004,0.0039,0.0038,0.0037,0.0036,0.0036,0.0035,0.0035,0.0034
14,0.0951,0.0953,0.0956,0.0957,0.0952,0.0939,0.0916,0.0884,0.0843,0.0796,0.0745,0.0694,0.0645,0.06,0.0558,0.0521,0.0488,0.0457,0.0428,0.0401,0.0375,0.0351,0.0328,0.0305,0.0285,0.0266,0.0248,0.0232,0.0218,0.0207,0.0197
15,0.0235,0.0225,0.0214,0.0205,0.0195,0.0185,0.0177,0.017,0.0165,0.0162,0.0161,0.0162,0.0164,0.0167,0.0168,0.0168,0.0167,0.0165,0.0162,0.0158,0.0154,0.0151,0.0147,0.0144,0.0142,0.014,0.0138,0.0137,0.0135,0.0235,0.0133
16,0.023,0.0227,0.0221,0.0211,0.0197,0.0181,0.0166,0.0152,0.014,0.0131,0.0125,0.012,0.0116,0.0113,0.011,0.0107,0.0103,0.0099,0.0095,0.0091,0.0087,0.0084,0.0082,0.0079,0.0078,0.0076,0.0075,0.0073,0.0072,0.007,0.0069
17,0.146,0.1397,0.1334,0.1271,0.1209,0.1147,0.1086,0.1026,0.0968,0.0912,0.086,0.081,0.0764,0.0721,0.0682,0.0645,0.061,0.0577,0.0546,0.0517,0.0491,0.0467,0.0445,0.0424,0.0404,0.0385,0.0368,0.0351,0.0336,0.0322,0.031
18,0.0181,0.0173,0.0166,0.0159,0.0154,0.015,0.0147,0.0145,0.0145,0.0146,0.0147,0.0149,0.0152,0.0154,0.0154,0.0154,0.0153,0.0151,0.0149,0.0146,0.0144,0.0142,0.0141,0.0139,0.0136,0.0133,0.013,0.0127,0.0123,0.012,0.0116
19,0.0152,0.0152,0.0153,0.0155,0.0157,0.0157,0.0155,0.0151,0.0145,0.0137,0.0128,0.0118,0.0109,0.0101,0.0094,0.0087,0.008,0.0073,0.0066,0.0061,0.0056,0.0052,0.0049,0.0046,0.0043,0.0041,0.0039,0.0036,0.0034,0.0031,0.0029
20,0.01,0.0096,0.0092,0.0087,0.0082,0.0077,0.0072,0.0067,0.0064,0.0061,0.0059,0.0057,0.0055,0.0053,0.0052,0.005,0.0049,0.0048,0.0047,0.0046,0.0045,0.0044,0.0043,0.0042,0.0042,0.0041,0.0041,0.004,0.004,0.0039,0.0039
21,0.0392,0.0369,0.0348,0.0329,0.0313,0.0299,0.0286,0.0274,0.0264,0.0253,0.0244,0.0235,0.0227,0.022,0.0214,0.0209,0.0204,0.02,0.0196,0.0192,0.0187,0.0182,0.0177,0.0171,0.0164,0.0157,0.0149,0.0142,0.0135,0.0128,0.0122
22,0.1721,0.1681,0.1641,0.1602,0.1565,0.1529,0.1495,0.1461,0.1428,0.1395,0.1363,0.1331,0.1299,0.1268,0.1239,0.1211,0.1184,0.1159,0.1134,0.111,0.1087,0.1064,0.1042,0.1019,0.0996,0.0974,0.0952,0.093,0.0907,0.0883,0.0858
23,0.1287,0.1232,0.1179,0.1128,0.1078,0.1028,0.0978,0.0928,0.0879,0.0832,0.0787,0.0742,0.0698,0.0654,0.0612,0.0571,0.0533,0.0497,0.0463,0.0431,0.0402,0.0376,0.0355,0.0337,0.032,0.0307,0.0294,0.0282,0.0272,0.0263,0.0254
24,0.1217,0.1169,0.1122,0.1076,0.103,0.0985,0.0939,0.0893,0.0847,0.0802,0.0757,0.0715,0.0674,0.0636,0.0599,0.0565,0.0532,0.0501,0.0473,0.0446,0.042,0.0397,0.0375,0.0354,0.0336,0.0319,0.0304,0.0291,0.0279,0.0268,0.0258
25,NaN,NaN,NaN,NaN,NaN,NaN,NaN,NaN,NaN,NaN,NaN,NaN,NaN,NaN,NaN,NaN,NaN,NaN,NaN,NaN,NaN,NaN,NaN,NaN,NaN,NaN,NaN,NaN,NaN,NaN,NaN
26,0.0182,0.0169,0.0579,0.0587,0.014,0.0195,0.0125,0.0118,0.0111,0.0104,0.0097,0.0091,0.0085,0.0081,0.0077,0.0075,0.0072,0.0071,0.0069,0.0068,0.0067,0.0066,0.0065,0.0064,0.0064,0.0064,0.0064,0.0064,0.0063,0.0063,0.0062
27,0.0492,0.0521,0.056,0.0607,0.0656,0.0707,0.0703,0.0738,0.0759,0.0771,0.0778,0.0765,0.0748,0.0744,0.0736,0.0694,0.0653,0.064,0.0635,0.0611,0.0587,0.0587,0.0542,0.0513,0.0504,0.0486,0.0474,0.0443,0.0437,0.0426,0.0413
28,0.063,0.0602,0.0572,0.0541,0.051,0.0479,0.0449,0.0421,0.0395,0.037,0.0346,0.0324,0.0303,0.0283,0.0264,0.0247,0.0232,0.0218,0.0206,0.0195,0.0186,0.0179,0.0172,0.0167,0.0163,0.0159,0.0167,0.0153,0.015,0.0148,0.0145
29,0.023,0.022,0.021,0.0202,0.0195,0.0189,0.0183,0.0179,0.0175,0.0171,0.0168,0.0166,0.0164,0.0162,0.016,0.0159,0.0158,0.0157,0.0157,0.0157,0.0156,0.0156,0.0156,0.0157,0.0156,0.0154,0.0152,0.0149,0.0145,0.0142,0.0138
30,0.0131,0.0131,0.0131,0.013,0.0127,0.0124,0.012,0.0115,0.0111,0.0107,0.0103,0.01,0.0098,0.0096,0.0095,0.0095,0.0095,0.0095,0.0095,0.0096,0.0097,0.0097,0.0098,0.0099,0.0099,0.0099,0.0099,0.0099,0.0099,0.0099,0.0098
31,0.0184,0.0188,0.0191,0.0192,0.0193,0.0193,0.0193,0.0192,0.0189,0.0183,0.0175,0.0167,0.0159,0.0151,0.0142,0.0133,0.0125,0.0119,0.0114,0.0111,0.0108,0.0103,0.0098,0.0092,0.0087,0.0082,0.0077,0.0073,0.007,0.0067,0.0065
32,0.198,0.1973,0.1969,0.1965,0.1956,0.1939,0.1914,0.1884,0.1851,0.1817,0.178,0.1739,0.1694,0.1643,0.1585,0.1522,0.1455,0.1388,0.1324,0.1265,0.1211,0.1163,0.1119,0.1078,0.104,0.1004,0.0969,0.0936,0.0903,0.0873,0.0843
33,0.1698,0.1713,0.1724,0.1956,0.1727,0.1715,0.1697,0.1667,0.1631,0.1588,0.1539,0.1488,0.1434,0.1375,0.1311,0.1243,0.1171,0.1098,0.103,0.0966,0.0907,0.0851,0.08,0.0753,0.071,0.0673,0.064,0.0611,0.0586,0.0563,0.0542
34,0.0587,0.0569,0.0559,0.0553,0.0545,0.0531,0.0505,0.0469,0.0426,0.0383,0.0344,0.0314,0.0293,0.0279,0.0273,0.0271,0.0272,0.0271,0.0269,0.0263,0.0254,0.0242,0.0228,0.0213,0.0198,0.0183,0.017,0.0159,0.0149,0.0141,0.0134
35,0.1161,0.1162,0.1165,0.1173,0.1185,0.1195,0.1199,0.1193,0.1173,0.113,0.1059,0.0965,0.0867,0.078,0.0707,0.0647,0.0598,0.0555,0.0514,0.0474,0.0438,0.0405,0.0376,0.0352,0.0333,0.0316,0.0301,0.0288,0.0275,0.0265,0.0255
36,0.1367,0.1381,0.1403,0.1428,0.1453,0.1471,0.1483,0.1487,0.1483,0.1469,0.1446,0.1417,0.1383,0.1347,0.1313,0.1281,0.1248,0.1215,0.1181,0.1148,0.1105,0.1063,0.102,0.0975,0.0934,0.0893,0.0859,0.0827,0.0798,0.0773,0.0749
37,0.0082,0.008,0.0077,0.0074,0.0072,0.0069,0.0067,0.0065,0.0064,0.0063,0.0062,0.0062,0.0062,0.0062,0.0061,0.0061,0.006,0.006,0.0059,0.0058,0.0057,0.0057,0.0056,0.0055,0.0054,0.0054,0.0053,0.0053,0.0052,0.0051,0.0051
38,NaN,NaN,NaN,NaN,NaN,NaN,NaN,NaN,NaN,NaN,NaN,NaN,NaN,NaN,NaN,NaN,NaN,NaN,NaN,NaN,NaN,NaN,NaN,NaN,NaN,NaN,NaN,NaN,NaN,NaN,NaN
39,0.1768,0.1763,0.1756,0.175,0.1743,0.1735,0.1724,0.1711,0.1695,0.1675,0.1652,0.1625,0.1595,0.1561,0.1525,0.1487,0.1443,0.1402,0.1364,0.1325,0.1288,0.1254,0.1224,0.1202,0.1177,0.1148,0.1119,0.1102,0.108,0.1053,0.1024
40,0.2121,0.2091,0.2063,0.2035,0.201,0.1986,0.1961,0.1935,0.1906,0.1874,0.1841,0.1807,0.1773,0.1739,0.1704,0.1669,0.1632,0.1595,0.1556,0.1516,0.1476,0.1436,0.1397,0.1358,0.1322,0.1286,0.125,0.1212,0.1172,0.1135,0.1098
41,0.0191,0.0176,0.0162,0.015,0.0139,0.0131,0.0125,0.0122,0.0119,0.0115,0.0109,0.0103,0.0098,0.0095,0.0093,0.0091,0.009,0.0089,0.0089,0.0088,0.0087,0.0085,0.0084,0.0082,0.0081,0.008,0.0078,0.0076,0.0074,0.0071,0.0069
42,0.0537,0.0532,0.0522,0.0509,0.0493,0.0475,0.0456,0.0436,0.0414,0.0391,0.0367,0.0341,0.0315,0.0289,0.0263,0.024,0.0219,0.0201,0.0185,0.017,0.0157,0.0146,0.0135,0.0125,0.0115,0.0107,0.0099,0.0092,0.0086,0.008,0.0075
43,NaN,NaN,NaN,NaN,NaN,NaN,NaN,NaN,NaN,NaN,NaN,NaN,NaN,NaN,NaN,NaN,NaN,NaN,NaN,NaN,NaN,NaN,NaN,NaN,NaN,NaN,NaN,NaN,NaN,NaN,NaN
44,NaN,NaN,NaN,NaN,NaN,NaN,NaN,NaN,NaN,NaN,NaN,NaN,NaN,NaN,NaN,NaN,NaN,NaN,NaN,NaN,NaN,NaN,NaN,NaN,NaN,NaN,NaN,NaN,NaN,NaN,NaN
45,0.0357,0.0344,0.0333,0.0321,0.031,0.0299,0.0288,0.0278,0.0268,0.0259,0.0251,0.0243,0.0236,0.0228,0.0222,0.0215,0.0209,0.0202,0.0196,0.019,0.0184,0.0178,0.0172,0.0166,0.0161,0.0156,0.0151,0.0146,0.0142,0.0137,0.0133
46,0.1264,0.1224,0.1186,0.1149,0.1116,0.1085,0.1057,0.1032,0.1008,0.0986,0.0964,0.0941,0.0919,0.0896,0.0871,0.0848,0.0823,0.0799,0.0774,0.075,0.0727,0.0703,0.0681,0.0658,0.0636,0.0614,0.0591,0.057,0.055,0.0532,0.0515
47,0.091,0.0926,0.0949,0.0978,0.1011,0.1046,0.1083,0.1115,0.1138,0.1145,0.1133,0.1102,0.1055,0.0996,0.093,0.0862,0.0798,0.0741,0.0692,0.0653,0.0623,0.06,0.0581,0.0564,0.0546,0.0529,0.051,0.0493,0.0478,0.0524,0.0447
48,NaN,NaN,NaN,NaN,NaN,NaN,NaN,NaN,NaN,NaN,NaN,NaN,NaN,NaN,NaN,NaN,NaN,NaN,NaN,NaN,NaN,NaN,NaN,NaN,NaN,NaN,NaN,NaN,NaN,NaN,NaN
49,0.0169,0.0162,0.0157,0.0153,0.0151,0.0149,0.0147,0.0145,0.0141,0.0136,0.0131,0.0126,0.0122,0.0118,0.0115,0.0113,0.0112,0.0111,0.0109,0.0107,0.0105,0.0102,0.0099,0.0096,0.0093,0.009,0.0088,0.0086,0.0085,0.0083,0.0081
50,0.1531,0.1534,0.1536,0.1536,0.1532,0.1524,0.1511,0.1493,0.1469,0.1441,0.1409,0.1374,0.1337,0.13,0.1261,0.1221,0.1182,0.1144,0.1103,0.1061,0.1025,0.0992,0.0961,0.0928,0.0894,0.0863,0.0838,0.0815,0.0789,0.0761,0.0738
51,0.0129,0.0134,0.0115,0.0109,0.0104,0.01,0.0096,0.0093,0.0089,0.0086,0.0083,0.008,0.0077,0.0074,0.007,0.0067,0.0064,0.0061,0.0059,0.0057,0.0055,0.0053,0.0052,0.0051,0.005,0.0049,0.0049,0.0048,0.0048,0.0047,0.0047
52,0.0135,0.0128,0.0122,0.0116,0.0111,0.0106,0.0102,0.0097,0.0093,0.0089,0.0086,0.0082,0.0079,0.0076,0.0074,0.0071,0.0069,0.0066,0.0065,0.0063,0.0062,0.0061,0.006,0.006,0.006,0.0061,0.0062,0.0064,0.0066,0.0069,0.0072
53,NaN,NaN,NaN,NaN,NaN,NaN,NaN,NaN,NaN,NaN,NaN,NaN,NaN,NaN,NaN,NaN,NaN,NaN,NaN,NaN,NaN,NaN,NaN,NaN,NaN,NaN,NaN,NaN,NaN,NaN,NaN
54,0.0111,0.011,0.0107,0.0102,0.0097,0.0091,0.0085,0.008,0.0075,0.007,0.0065,0.0061,0.0057,0.0053,0.005,0.0047,0.0043,0.0041,0.0038,0.0036,0.0034,0.0032,0.0031,0.003,0.0029,0.0029,0.003,0.003,0.0031,0.0032,0.0033
55,0.0122,0.0117,0.011,0.0102,0.0094,0.0085,0.0077,0.0069,0.0063,0.0058,0.0055,0.0052,0.005,0.0048,0.0046,0.0044,0.0041,0.0039,0.0037,0.0035,0.0034,0.0033,0.0032,0.0031,0.0031,0.0032,0.0032,0.0032,0.0031,0.003,0.0029
56,0.0423,0.0473,0.046,0.0446,0.0433,0.1097,0.1077,0.1062,0.1052,0.1042,0.1029,0.1015,0.0996,0.0348,0.0339,0.0331,0.0326,0.0326,0.0317,0.0309,0.0294,0.0277,0.0258,0.0239,0.0223,0.0211,0.0204,0.019,0.0183,0.0173,0.0165
57,0.1855,0.1832,0.181,0.1789,0.1768,0.1747,0.1723,0.1696,0.1665,0.1629,0.1589,0.1546,0.1501,0.1455,0.1409,0.1361,0.1314,0.1268,0.1222,0.1178,0.1137,0.1097,0.1059,0.1021,0.0986,0.0955,0.0924,0.0895,0.0865,0.0838,0.0808
58,0.0089,0.0084,0.0079,0.0074,0.0069,0.0065,0.0063,0.006,0.0059,0.0057,0.0056,0.0055,0.0054,0.0052,0.005,0.0048,0.0046,0.0045,0.0043,0.0042,0.0041,0.0041,0.0041,0.0041,0.0041,0.0041,0.004,0.004,0.0039,0.0038,0.0037
59,0.117,0.1147,0.1129,0.1113,0.1098,0.1085,0.107,0.1055,0.1036,0.1017,0.0997,0.0974,0.0951,0.0928,0.0904,0.088,0.0856,0.0831,0.0806,0.0783,0.0759,0.0737,0.0715,0.0694,0.0673,0.0652,0.0632,0.061,0.0591,0.0573,0.0554
60,0.017,0.0168,0.0166,0.0165,0.0165,0.0165,0.0166,0.0168,0.017,0.0172,0.0175,0.0179,0.0183,0.0187,0.0192,0.0198,0.0204,0.021,0.0217,0.0224,0.0231,0.0239,0.0247,0.0255,0.0263,0.0271,0.028,0.0288,0.0296,0.0303,0.0311
61,0.0594,0.057,0.0546,0.0523,0.05,0.0479,0.0459,0.044,0.0425,0.041,0.0398,0.0388,0.038,0.0373,0.0367,0.0363,0.0359,0.0356,0.0354,0.0352,0.0351,0.035,0.035,0.035,0.035,0.0351,0.0351,0.035,0.0348,0.0344,0.0339
62,0.0539,0.0512,0.0486,0.0459,0.0433,0.0406,0.038,0.0355,0.0333,0.0313,0.0295,0.0279,0.0266,0.0254,0.0244,0.0234,0.0225,0.0216,0.0207,0.0198,0.0189,0.018,0.0173,0.0165,0.0159,0.0153,0.0148,0.0144,0.0139,0.0135,0.013
63,0.0857,0.0814,0.0773,0.0731,0.0688,0.0646,0.0604,0.0565,0.0529,0.0497,0.0467,0.044,0.0416,0.0394,0.0375,0.0358,0.0342,0.0327,0.0313,0.03,0.0287,0.0275,0.0263,0.0252,0.0242,0.0232,0.0224,0.0216,0.0209,0.0201,0.0194
64,0.0597,0.0565,0.0534,0.0504,0.0475,0.0447,0.042,0.0395,0.0371,0.0349,0.033,0.0311,0.0294,0.0278,0.0263,0.0249,0.0236,0.0224,0.0212,0.0202,0.0192,0.0183,0.0174,0.0166,0.016,0.0153,0.0147,0.0142,0.0137,0.0132,0.0127
65,0.1782,0.1766,0.1751,0.1736,0.1723,0.1708,0.1687,0.1661,0.163,0.1594,0.1554,0.1513,0.1469,0.1425,0.1381,0.1335,0.1289,0.1242,0.1197,0.1153,0.1111,0.1074,0.1038,0.1003,0.0968,0.0935,0.0903,0.0874,0.0843,0.0814,0.0786
66,0.1533,0.1463,0.1386,0.1305,0.1225,0.1147,0.1076,0.1011,0.0953,0.0902,0.0855,0.0813,0.0775,0.074,0.0707,0.0677,0.0648,0.0621,0.0597,0.0573,0.0552,0.0533,0.0515,0.0497,0.0481,0.0464,0.0449,0.0434,0.0419,0.0406,0.0393
67,0.0177,0.0175,0.0173,0.017,0.0164,0.0157,0.0148,0.0138,0.0129,0.0119,0.011,0.0101,0.0093,0.0085,0.0078,0.0071,0.0065,0.006,0.0055,0.005,0.0046,0.0042,0.0039,0.0036,0.0034,0.0031,0.0029,0.0027,0.0025,0.0023,0.0021
68,0.0691,0.0685,0.0697,0.0728,0.0779,0.0854,0.0925,0.0991,0.1051,0.1099,0.1141,0.1171,0.1186,0.1198,0.1201,0.1199,0.1103,0.1056,0.1039,0.0983,0.0882,0.0761,0.0699,0.0672,0.0672,0.0635,0.0606,0.0621,0.0584,0.0556,0.055
69,0.2025,0.1975,0.1921,0.186,0.1796,0.1731,0.1663,0.1598,0.1535,0.1473,0.1412,0.135,0.1286,0.1222,0.1158,0.1095,0.1033,0.0976,0.0922,0.0872,0.0825,0.0781,0.0739,0.0701,0.0665,0.0631,0.0599,0.0569,0.0543,0.0521,0.0499
70,NaN,NaN,NaN,NaN,NaN,NaN,NaN,NaN,NaN,NaN,NaN,NaN,NaN,NaN,NaN,NaN,NaN,NaN,NaN,NaN,NaN,NaN,NaN,NaN,NaN,NaN,NaN,NaN,NaN,NaN,NaN
71,NaN,NaN,NaN,NaN,NaN,NaN,NaN,NaN,NaN,NaN,NaN,NaN,NaN,NaN,NaN,NaN,NaN,NaN,NaN,NaN,NaN,NaN,NaN,NaN,NaN,NaN,NaN,NaN,NaN,NaN,NaN
72,0.029,0.028,0.0269,0.026,0.0252,0.0245,0.0239,0.0235,0.0231,0.0228,0.0226,0.0226,0.0226,0.0228,0.023,0.0233,0.0234,0.0234,0.0232,0.0227,0.0222,0.0216,0.0212,0.021,0.021,0.0213,0.022,0.0229,0.0242,0.0255,0.0268
73,0.0067,0.0064,0.0061,0.0058,0.0055,0.0052,0.0049,0.0047,0.0046,0.0044,0.0043,0.0042,0.0041,0.004,0.0039,0.0037,0.0036,0.0035,0.0033,0.0032,0.003,0.0029,0.0027,0.0026,0.0025,0.0025,0.0024,0.0024,0.0024,0.0023,0.0023
74,0.009,0.0086,0.0081,0.0075,0.007,0.0065,0.0061,0.0058,0.0056,0.0055,0.0054,0.0053,0.0051,0.0049,0.0048,0.0046,0.0045,0.0044,0.0044,0.0043,0.0042,0.0042,0.0041,0.0041,0.0041,0.0042,0.0042,0.0042,0.0043,0.0042,0.0042
75,NaN,NaN,NaN,NaN,NaN,NaN,NaN,NaN,NaN,NaN,NaN,NaN,NaN,NaN,NaN,NaN,NaN,NaN,NaN,NaN,NaN,NaN,NaN,NaN,NaN,NaN,NaN,NaN,NaN,NaN,NaN
76,NaN,NaN,NaN,NaN,NaN,NaN,NaN,NaN,NaN,NaN,NaN,NaN,NaN,NaN,NaN,NaN,NaN,NaN,NaN,NaN,NaN,NaN,NaN,NaN,NaN,NaN,NaN,NaN,NaN,NaN,NaN
77,0.0924,0.0911,0.0901,0.0893,0.0888,0.0884,0.088,0.0875,0.0868,0.0858,0.0844,0.0826,0.0807,0.0786,0.0764,0.0742,0.0721,0.0696,0.0671,0.0646,0.0619,0.0594,0.0569,0.0545,0.0524,0.0506,0.0486,0.0468,0.0452,0.0433,0.0411
78,0.1663,0.1606,0.1549,0.1493,0.1438,0.1384,0.1331,0.1278,0.1228,0.1179,0.1131,0.1085,0.104,0.0996,0.0953,0.0912,0.0873,0.0835,0.08,0.0765,0.0733,0.0702,0.0674,0.0646,0.062,0.0595,0.0571,0.0548,0.0527,0.0507,0.0489
79,0.0476,0.0472,0.0468,0.0463,0.0457,0.0448,0.0437,0.0423,0.0406,0.0386,0.0364,0.0339,0.0313,0.0286,0.026,0.0235,0.0212,0.019,0.0172,0.0155,0.0141,0.013,0.0121,0.0114,0.0109,0.0105,0.0102,0.01,0.0098,0.0097,0.0096
80,0.0085,0.008,0.0076,0.0072,0.0068,0.0065,0.0062,0.0059,0.0057,0.0055,0.0054,0.0052,0.0051,0.005,0.0048,0.0047,0.0046,0.0045,0.0044,0.0043,0.0042,0.0041,0.004,0.004,0.004,0.0039,0.0039,0.0039,0.0038,0.0037,0.0037
81,0.1276,0.1235,0.1202,0.1179,0.1161,0.1145,0.1127,0.1103,0.1074,0.1039,0.1,0.096,0.0922,0.0889,0.086,0.0834,0.0811,0.0787,0.0759,0.0729,0.0697,0.0665,0.0633,0.0604,0.0577,0.0553,0.053,0.0509,0.0489,0.0471,0.0453
82,NaN,NaN,NaN,NaN,NaN,NaN,NaN,NaN,NaN,NaN,NaN,NaN,NaN,NaN,NaN,NaN,NaN,NaN,NaN,NaN,NaN,NaN,NaN,NaN,NaN,NaN,NaN,NaN,NaN,NaN,NaN
83,0.0105,0.01,0.0095,0.0091,0.0088,0.0084,0.0081,0.0077,0.0073,0.0068,0.0064,0.006,0.0056,0.0052,0.0049,0.0046,0.0043,0.0042,0.004,0.004,0.004,0.004,0.004,0.0041,0.0042,0.0043,0.0043,0.0042,0.0042,0.0041,0.0041
84,0.0224,0.0213,0.0202,0.0193,0.0184,0.0177,0.0171,0.0166,0.0161,0.0158,0.0155,0.0152,0.015,0.0148,0.0146,0.0145,0.0144,0.0144,0.0144,0.0144,0.0145,0.0145,0.0147,0.0148,0.0149,0.015,0.0151,0.0153,0.0155,0.0157,0.0159
85,NaN,NaN,NaN,NaN,NaN,NaN,NaN,NaN,NaN,NaN,NaN,NaN,NaN,NaN,NaN,NaN,NaN,NaN,NaN,NaN,NaN,NaN,NaN,NaN,NaN,NaN,NaN,NaN,NaN,NaN,NaN
86,NaN,NaN,NaN,NaN,NaN,NaN,NaN,NaN,NaN,NaN,NaN,NaN,NaN,NaN,NaN,NaN,NaN,NaN,NaN,NaN,NaN,NaN,NaN,NaN,NaN,NaN,NaN,NaN,NaN,NaN,NaN
87,0.0804,0.0768,0.0734,0.0702,0.0672,0.0643,0.0616,0.059,0.0566,0.0543,0.0522,0.0501,0.0481,0.0462,0.0444,0.0427,0.041,0.0394,0.0378,0.0363,0.0348,0.0334,0.032,0.0307,0.0295,0.0284,0.0273,0.0264,0.0254,0.0246,0.0237
88,NaN,NaN,NaN,NaN,NaN,NaN,NaN,NaN,NaN,NaN,NaN,NaN,NaN,NaN,NaN,NaN,NaN,NaN,NaN,NaN,NaN,NaN,NaN,NaN,NaN,NaN,NaN,NaN,NaN,NaN,NaN
89,0.233,0.2271,0.2207,0.214,0.2071,0.2001,0.1931,0.1863,0.1795,0.1726,0.1656,0.1589,0.1526,0.1467,0.1415,0.1369,0.1329,0.1296,0.1267,0.1241,0.1217,0.1196,0.1175,0.1155,0.1142,0.1124,0.1099,0.108,0.1059,0.1037,0.1012
90,0.2221,0.2176,0.213,0.2084,0.2037,0.1988,0.1938,0.1888,0.1838,0.1787,0.1735,0.1681,0.1625,0.1568,0.1507,0.1446,0.1386,0.1323,0.1262,0.1202,0.1144,0.1089,0.1039,0.0996,0.0956,0.0921,0.0887,0.0857,0.0827,0.0798,0.077
91,0.0608,0.0593,0.0577,0.0561,0.0545,0.0531,0.0517,0.0504,0.0491,0.0478,0.0466,0.0454,0.0443,0.0432,0.0422,0.0413,0.0405,0.0397,0.0389,0.0381,0.0374,0.0366,0.0358,0.035,0.0341,0.0331,0.0321,0.0311,0.0302,0.0292,0.0283
92,0.1448,0.1407,0.1364,0.1322,0.1279,0.1236,0.1193,0.1151,0.111,0.1071,0.1034,0.1,0.0969,0.094,0.0914,0.089,0.0869,0.0848,0.0828,0.0809,0.1365,0.0771,0.0753,0.0735,0.0717,0.0697,0.0678,0.0659,0.0641,0.0622,0.0602
93,NaN,NaN,NaN,NaN,NaN,NaN,NaN,NaN,NaN,NaN,NaN,NaN,NaN,NaN,NaN,NaN,NaN,NaN,NaN,NaN,NaN,NaN,NaN,NaN,NaN,NaN,NaN,NaN,NaN,NaN,NaN
94,0.0582,0.0555,0.053,0.0507,0.0485,0.0464,0.0445,0.0426,0.0649,0.039,0.0373,0.0357,0.0341,0.0326,0.0312,0.0299,0.0287,0.0275,0.0265,0.0255,0.0246,0.0237,0.0228,0.022,0.0212,0.0205,0.0197,0.019,0.0184,0.0177,0.0171
95,0.0173,0.0166,0.0156,0.0144,0.0134,0.0126,0.0119,0.0115,0.0111,0.0106,0.0101,0.0096,0.009,0.0084,0.0079,0.0075,0.0072,0.0068,0.0065,0.0063,0.006,0.0059,0.0057,0.0056,0.0053,0.005,0.0047,0.0045,0.0043,0.0041,0.004
96,0.0063,0.0061,0.0059,0.0056,0.0054,0.0052,0.005,0.0047,0.0045,0.0042,0.004,0.0038,0.0036,0.0034,0.0033,0.0031,0.003,0.0029,0.0028,0.0027,0.0027,0.0027,0.0026,0.0026,0.0026,0.0026,0.0026,0.0026,0.0027,0.0027,0.0027
97,0.1265,0.1229,0.1195,0.1161,0.1128,0.1095,0.106,0.1025,0.0989,0.0953,0.0917,0.0881,0.0845,0.0811,0.0777,0.0744,0.0711,0.0678,0.0645,0.0613,0.0581,0.055,0.052,0.0491,0.0463,0.0436,0.0411,0.0387,0.0364,0.0343,0.0324
98,0.0838,0.0801,0.0764,0.0728,0.0694,0.0661,0.063,0.06,0.0572,0.0546,0.052,0.0497,0.0474,0.0453,0.0493,0.0415,0.0398,0.0381,0.0366,0.0351,0.0337,0.0323,0.0311,0.0298,0.0286,0.0275,0.0264,0.0254,0.0245,0.0236,0.0228
99,0.0576,0.0548,0.0523,0.0501,0.048,0.0461,0.0442,0.0423,0.0404,0.0384,0.0364,0.0344,0.0323,0.0303,0.0284,0.0265,0.0248,0.0232,0.0217,0.0204,0.0193,0.0183,0.0175,0.0168,0.0161,0.0155,0.0149,0.0143,0.0139,0.0134,0.0129
100,0.0537,0.0527,0.0517,0.0508,0.0499,0.049,0.0481,0.0472,0.0463,0.0453,0.0444,0.0435,0.0426,0.0417,0.0409,0.0399,0.039,0.038,0.0369,0.0359,0.0348,0.0337,0.0326,0.0315,0.0306,0.0295,0.0286,0.0277,0.0268,0.0259,0.0251
101,0.0091,0.0086,0.0081,0.0077,0.0074,0.0073,0.0073,0.0073,0.0073,0.0073,0.0071,0.0069,0.0065,0.006,0.0056,0.0052,0.0049,0.0046,0.0044,0.0043,0.0042,0.0041,0.004,0.0039,0.0038,0.0037,0.0036,0.0035,0.0034,0.0033,0.0033
102,NaN,NaN,NaN,NaN,NaN,NaN,NaN,NaN,NaN,NaN,NaN,NaN,NaN,NaN,NaN,NaN,NaN,NaN,NaN,NaN,NaN,NaN,NaN,NaN,NaN,NaN,NaN,NaN,NaN,NaN,NaN
103,0.0115,0.011,0.0104,0.0098,0.0092,0.0087,0.0082,0.0078,0.0075,0.0072,0.0069,0.0066,0.0063,0.0061,0.0058,0.0056,0.0053,0.0051,0.0049,0.0047,0.0046,0.0044,0.0043,0.0041,0.004,0.0039,0.0038,0.0037,0.0037,0.0036,0.0035
104,0.0097,0.0093,0.0089,0.0085,0.008,0.0075,0.007,0.0066,0.0062,0.0059,0.0056,0.0053,0.005,0.0048,0.0046,0.0045,0.0043,0.0042,0.0041,0.0041,0.004,0.0039,0.0038,0.0037,0.0036,0.0035,0.0034,0.0033,0.0032,0.003,0.0029
105,0.0279,0.0272,0.0265,0.0257,0.025,0.0242,0.0234,0.0226,0.0218,0.0211,0.0205,0.02,0.0196,0.0193,0.0192,0.0191,0.0191,0.0191,0.0191,0.0191,0.019,0.019,0.0189,0.0189,0.0188,0.0187,0.0186,0.0187,0.0187,0.0188,0.0189
106,0.0063,0.0062,0.0061,0.006,0.0059,0.0057,0.0055,0.0052,0.005,0.0047,0.0045,0.0043,0.0041,0.004,0.0039,0.0037,0.0036,0.0035,0.0034,0.0033,0.0032,0.0032,0.003,0.0029,0.0028,0.0028,0.0027,0.0026,0.0025,0.0025,0.0024
107,NaN,NaN,NaN,NaN,NaN,NaN,NaN,NaN,NaN,NaN,NaN,NaN,NaN,NaN,NaN,NaN,NaN,NaN,NaN,NaN,NaN,NaN,NaN,NaN,NaN,NaN,NaN,NaN,NaN,NaN,NaN
108,0.036,0.0348,0.0337,0.0327,0.0317,0.0308,0.03,0.0292,0.0284,0.0276,0.0269,0.0261,0.0254,0.0247,0.024,0.0233,0.0227,0.022,0.0214,0.0208,0.0202,0.0196,0.0191,0.0186,0.018,0.0175,0.017,0.0165,0.016,0.0155,0.0151
109,0.0517,0.0514,0.0518,0.0523,0.0528,0.0526,0.0517,0.05,0.0476,0.045,0.0424,0.0398,0.0373,0.0351,0.033,0.031,0.0289,0.0268,0.0247,0.0225,0.0204,0.0183,0.0163,0.0145,0.013,0.0119,0.011,0.0106,0.0103,0.0102,0.0101
110,0.1009,0.104,0.1067,0.1087,0.1096,0.1095,0.1084,0.1066,0.1038,0.1003,0.0961,0.0912,0.0861,0.0811,0.0761,0.071,0.0667,0.0628,0.0585,0.0552,0.0533,0.0521,0.0513,0.0501,0.0489,0.0475,0.0463,0.0454,0.0443,0.0434,0.043
111,0.0911,0.0875,0.0842,0.0812,0.0786,0.0763,0.0741,0.0722,0.0702,0.0683,0.0664,0.0647,0.0632,0.0621,0.0614,0.0609,0.0605,0.0601,0.0595,0.0589,0.0584,0.058,0.0579,0.058,0.0584,0.059,0.0596,0.06,0.0601,0.0597,0.0588
112,0.0199,0.0168,0.0161,0.0156,0.0151,0.0147,0.0143,0.0138,0.0134,0.013,0.0127,0.0125,0.0123,0.0121,0.012,0.0118,0.0116,0.0114,0.0112,0.011,0.0107,0.0103,0.0099,0.0096,0.0093,0.0091,0.009,0.0089,0.0088,0.0088,0.0088
113,0.0641,0.0639,0.0644,0.0649,0.0643,0.0627,0.0602,0.0573,0.0545,0.0517,0.0492,0.0468,0.0446,0.0427,0.0409,0.0393,0.0377,0.0359,0.0339,0.0317,0.0295,0.0276,0.0261,0.0247,0.0235,0.0222,0.021,0.0199,0.019,0.0183,0.0178
114,0.1533,0.1481,0.1431,0.1381,0.1332,0.1284,0.1238,0.1194,0.1151,0.1109,0.1067,0.1026,0.0985,0.0944,0.0903,0.0863,0.0823,0.0785,0.0747,0.0711,0.0677,0.0644,0.0613,0.0584,0.0556,0.0531,0.0508,0.0487,0.0468,0.045,0.0433
115,0.017,0.0182,0.0193,0.02,0.0201,0.0197,0.019,0.0179,0.0167,0.0154,0.0142,0.0133,0.0126,0.0119,0.0112,0.0105,0.0099,0.0093,0.0088,0.0083,0.0078,0.0072,0.0066,0.006,0.0055,0.0051,0.0047,0.0044,0.0042,0.004,0.0037
116,0.0319,0.0304,0.029,0.0276,0.0264,0.0252,0.0241,0.023,0.0219,0.0209,0.0198,0.0188,0.0178,0.0168,0.0159,0.015,0.0143,0.0137,0.0132,0.0128,0.0126,0.0124,0.0123,0.0124,0.0125,0.0127,0.013,0.0134,0.014,0.0147,0.0155
117,0.0851,0.0845,0.0852,0.0874,0.0908,0.0949,0.0989,0.1025,0.1057,0.1083,0.1106,0.1122,0.1137,0.1149,0.1161,0.1169,0.1166,0.1128,0.1102,0.1001,0.0914,0.0876,0.0851,0.0837,0.083,0.0821,0.0778,0.076,0.0772,0.0781,0.0766
118,0.2638,0.2657,0.265,0.2617,0.2554,0.2471,0.2374,0.2264,0.2147,0.2022,0.1893,0.1762,0.1634,0.1511,0.1395,0.1295,0.1209,0.1139,0.1081,0.1034,0.0996,0.0966,0.094,0.0917,0.0919,0.0881,0.086,0.0843,0.0823,0.08,0.0777
119,0.0417,0.0396,0.0377,0.036,0.0345,0.0331,0.0319,0.0308,0.0298,0.0289,0.0281,0.0273,0.0264,0.0255,0.0244,0.0231,0.0217,0.0202,0.0188,0.0176,0.0166,0.0195,0.015,0.0144,0.0138,0.0133,0.0128,0.0123,0.0119,0.0115,0.0111
120,NaN,NaN,NaN,NaN,NaN,NaN,NaN,NaN,NaN,NaN,NaN,NaN,NaN,NaN,NaN,NaN,NaN,NaN,NaN,NaN,NaN,NaN,NaN,NaN,NaN,NaN,NaN,NaN,NaN,NaN,NaN
121,0.015,0.0164,0.0179,0.0183,0.0169,0.015,0.0134,0.0123,0.0116,0.0111,0.0107,0.0103,0.0099,0.0095,0.0093,0.0091,0.0086,0.008,0.0073,0.0067,0.0061,0.0056,0.0052,0.005,0.005,0.0049,0.0047,0.0043,0.004,0.0037,0.0036
122,0.0088,0.0083,0.0078,0.0073,0.0068,0.0063,0.0059,0.0055,0.0051,0.0048,0.0045,0.0042,0.004,0.0037,0.0035,0.0033,0.0032,0.0031,0.0029,0.0029,0.0028,0.0028,0.0027,0.0027,0.0027,0.0027,0.0027,0.0027,0.0027,0.0027,0.0027
123,0.1554,0.15,0.1449,0.1401,0.1353,0.1305,0.1255,0.1203,0.115,0.1098,0.1049,0.1002,0.0959,0.0918,0.088,0.0843,0.0809,0.0778,0.0751,0.0726,0.0706,0.069,0.0678,0.0668,0.0662,0.0658,0.0657,0.0657,0.0658,0.0661,0.0663
124,0.243,0.236,0.2282,0.2199,0.2127,0.2077,0.2027,0.1978,0.1918,0.184,0.1734,0.1601,0.1457,0.1318,0.1196,0.1103,0.1038,0.0991,0.0934,0.0881,0.0829,0.0767,0.0704,0.0643,0.0596,0.0564,0.0532,0.0504,0.0476,0.0454,0.0432
125,0.0166,0.0158,0.0151,0.0144,0.0139,0.0133,0.0129,0.0124,0.0118,0.011,0.0101,0.0094,0.0089,0.0086,0.0083,0.0082,0.0081,0.0081,0.0081,0.0081,0.0081,0.0081,0.0081,0.0081,0.0081,0.0081,0.0082,0.0082,0.0081,0.008,0.008
126,0.0862,0.0813,0.0765,0.0718,0.0671,0.0624,0.0577,0.053,0.0483,0.0437,0.0391,0.0348,0.0308,0.0272,0.027,0.0216,0.0194,0.0176,0.0162,0.0149,0.0139,0.013,0.0121,0.0113,0.0105,0.0098,0.009,0.0083,0.0076,0.007,0.0064
127,0.2308,0.2263,0.2223,0.2186,0.2152,0.2116,0.2079,0.2036,0.1989,0.1935,0.1876,0.1815,0.1752,0.1691,0.1632,0.1576,0.1523,0.1473,0.1426,0.1381,0.1338,0.1298,0.126,0.1223,0.1188,0.1153,0.112,0.1089,0.1058,0.1027,0.0997
128,0.0114,0.011,0.0106,0.0102,0.0098,0.0094,0.009,0.0086,0.0082,0.0079,0.0076,0.0074,0.0072,0.0071,0.007,0.0069,0.0069,0.0069,0.0069,0.0069,0.0069,0.0068,0.0068,0.0067,0.0067,0.0066,0.0065,0.0064,0.0062,0.0061,0.006
129,0.0477,0.0459,0.0443,0.043,0.042,0.0415,0.0414,0.0415,0.0419,0.0421,0.0423,0.0423,0.0422,0.0419,0.0415,0.0412,0.0409,0.0404,0.04,0.0396,0.0391,0.0387,0.0381,0.0373,0.0364,0.0355,0.0345,0.0337,0.0327,0.0317,0.0307
130,NaN,NaN,NaN,NaN,NaN,NaN,NaN,NaN,NaN,NaN,NaN,NaN,NaN,NaN,NaN,NaN,NaN,NaN,NaN,NaN,NaN,NaN,NaN,NaN,NaN,NaN,NaN,NaN,NaN,NaN,NaN
131,0.1162,0.1149,0.1138,0.1131,0.1122,0.1113,0.11,0.1082,0.1056,0.1024,0.0983,0.0936,0.0883,0.0827,0.0774,0.0723,0.0678,0.064,0.0609,0.0584,0.0564,0.0548,0.0533,0.0519,0.0505,0.049,0.0475,0.0461,0.0446,0.0432,0.0418
132,0.023,0.0217,0.0212,0.0212,0.0216,0.0222,0.0226,0.0226,0.0217,0.0203,0.0188,0.0176,0.0166,0.016,0.0157,0.0156,0.0154,0.0152,0.0149,0.0146,0.0145,0.0147,0.0149,0.0149,0.0147,0.0146,0.0147,0.015,0.0154,0.0158,0.0158
133,NaN,NaN,NaN,NaN,NaN,NaN,NaN,NaN,NaN,NaN,NaN,NaN,NaN,NaN,NaN,NaN,NaN,NaN,NaN,NaN,NaN,NaN,NaN,NaN,NaN,NaN,NaN,NaN,NaN,NaN,NaN
134,0.0452,0.0431,0.0411,0.0392,0.0374,0.0357,0.034,0.0324,0.0309,0.0295,0.0282,0.0269,0.0258,0.0247,0.0237,0.0228,0.022,0.0212,0.0205,0.0198,0.0192,0.0185,0.0179,0.0173,0.0168,0.0162,0.0157,0.0152,0.0147,0.0142,0.0137
135,0.0495,0.0482,0.0472,0.0463,0.0454,0.0444,0.0434,0.0422,0.0411,0.0399,0.0388,0.0379,0.0418,0.0367,0.0364,0.0362,0.0362,0.0362,0.0359,0.0354,0.0347,0.034,0.0332,0.0322,0.0314,0.0303,0.0295,0.0286,0.0276,0.0267,0.0258
136,0.0078,0.0074,0.0071,0.0068,0.0065,0.0062,0.006,0.0058,0.0055,0.0053,0.0052,0.005,0.0048,0.0047,0.0046,0.0045,0.0044,0.0043,0.0042,0.0041,0.004,0.0039,0.0038,0.0037,0.0036,0.0035,0.0034,0.0033,0.0032,0.0031,0.003
137,0.1069,0.1023,0.0982,0.0942,0.0903,0.0864,0.0821,0.0776,0.0729,0.0681,0.0631,0.0582,0.0534,0.0488,0.0446,0.0408,0.0372,0.034,0.0311,0.0285,0.0263,0.0244,0.0228,0.0215,0.0204,0.0195,0.0185,0.0175,0.0165,0.0156,0.0147
138,0.0165,0.0158,0.0154,0.0152,0.0151,0.0151,0.0151,0.0151,0.0149,0.0146,0.0142,0.0137,0.013,0.0122,0.0114,0.0106,0.0097,0.0089,0.008,0.0073,0.0066,0.006,0.0054,0.0049,0.0045,0.0041,0.0038,0.0036,0.0034,0.0032,0.003
139,NaN,NaN,NaN,NaN,NaN,NaN,NaN,NaN,NaN,NaN,NaN,NaN,NaN,NaN,NaN,NaN,NaN,NaN,NaN,NaN,NaN,NaN,NaN,NaN,NaN,NaN,NaN,NaN,NaN,NaN,NaN
140,0.0808,0.0773,0.074,0.0709,0.0679,0.0649,0.0621,0.0595,0.057,0.0546,0.0524,0.0502,0.048,0.0459,0.0437,0.0415,0.0393,0.0371,0.035,0.0331,0.0312,0.0294,0.0278,0.0262,0.0248,0.0235,0.0223,0.0212,0.0203,0.0194,0.0186
141,0.2437,0.2404,0.2368,0.2325,0.227,0.2199,0.2118,0.2024,0.1922,0.182,0.172,0.1628,0.1544,0.1468,0.1399,0.1334,0.1273,0.1198,0.1135,0.1075,0.1045,0.1001,0.0958,0.0912,0.0873,0.0828,0.0794,0.077,0.0748,0.072,0.0701
142,0.115,0.1124,0.1097,0.107,0.1043,0.1018,0.0991,0.0965,0.094,0.0915,0.0891,0.0867,0.0843,0.0819,0.0793,0.0768,0.0741,0.0713,0.1008,0.0658,0.0632,0.0605,0.058,0.0556,0.0534,0.0513,0.0494,0.0477,0.046,0.0445,0.0429
143,0.0733,0.0717,0.0706,0.0703,0.0709,0.0725,0.0747,0.0765,0.0777,0.078,0.0776,0.0766,0.0753,0.0744,0.0741,0.0706,0.0654,0.061,0.0555,0.0521,0.0494,0.0491,0.0503,0.048,0.0454,0.046,0.0453,0.044,0.0431,0.0415,0.04
144,0.0671,0.0638,0.0607,0.0577,0.0549,0.0523,0.0499,0.0478,0.0459,0.0442,0.0426,0.0413,0.0402,0.0393,0.0387,0.0384,0.0382,0.0382,0.0382,0.0379,0.0375,0.0368,0.036,0.035,0.0341,0.0331,0.0322,0.0312,0.0301,0.0292,0.0283
145,0.1384,0.1313,0.1244,0.1178,0.1115,0.1055,0.0997,0.0941,0.0888,0.0837,0.0789,0.0744,0.0704,0.0666,0.0633,0.0602,0.0575,0.0549,0.0525,0.0503,0.0481,0.046,0.0439,0.0419,0.0399,0.038,0.0362,0.0345,0.0328,0.0313,0.0298
146,0.0083,0.008,0.0077,0.0074,0.0071,0.0069,0.0067,0.0065,0.0064,0.0063,0.0062,0.0061,0.0059,0.0057,0.0055,0.0053,0.0051,0.0049,0.0047,0.0046,0.0044,0.0043,0.0042,0.0042,0.0041,0.0041,0.0041,0.004,0.004,0.004,0.004
147,NaN,NaN,NaN,NaN,NaN,NaN,NaN,NaN,NaN,NaN,NaN,NaN,NaN,NaN,NaN,NaN,NaN,NaN,NaN,NaN,NaN,NaN,NaN,NaN,NaN,NaN,NaN,NaN,NaN,NaN,NaN
148,0.0112,0.0106,0.01,0.0095,0.0091,0.0087,0.0084,0.0081,0.0078,0.0076,0.0074,0.0072,0.007,0.0069,0.0067,0.0066,0.0065,0.0065,0.0064,0.0063,0.0062,0.0061,0.006,0.0058,0.0057,0.0055,0.0053,0.0052,0.0051,0.0049,0.0048
149,0.0666,0.0635,0.0603,0.0571,0.0541,0.0511,0.0482,0.0455,0.0502,0.0405,0.0383,0.0362,0.0344,0.0326,0.031,0.0295,0.0281,0.0269,0.0257,0.0246,0.0235,0.0226,0.0217,0.0208,0.0201,0.0193,0.0186,0.018,0.0174,0.0168,0.0163
150,0.3321,0.3254,0.3168,0.3063,0.2942,0.2813,0.2685,0.2571,0.2467,0.2375,0.2284,0.2183,0.207,0.1953,0.1836,0.1723,0.1623,0.1538,0.1467,0.1409,0.1366,0.1334,0.131,0.1292,0.1278,0.1265,0.1255,0.1243,0.1232,0.1222,0.121
151,0.2096,0.2091,0.2083,0.2072,0.2059,0.2038,0.2011,0.1975,0.193,0.1879,0.1825,0.177,0.1713,0.1656,0.16,0.1546,0.1497,0.1452,0.1413,0.138,0.1353,0.1329,0.1309,0.1291,0.1277,0.1262,0.1245,0.1224,0.1199,0.1169,0.1139
152,NaN,NaN,NaN,NaN,NaN,NaN,NaN,NaN,NaN,NaN,NaN,NaN,NaN,NaN,NaN,NaN,NaN,NaN,NaN,NaN,NaN,NaN,NaN,NaN,NaN,NaN,NaN,NaN,NaN,NaN,NaN
153,0.0362,0.0345,0.0336,0.0316,0.028,0.0243,0.0216,0.0197,0.0182,0.0169,0.0158,0.0151,0.0145,0.0142,0.014,0.0137,0.0132,0.0124,0.0116,0.0108,0.0103,0.0101,0.0103,0.0107,0.0112,0.0112,0.0106,0.0095,0.0082,0.007,0.006
154,NaN,NaN,NaN,NaN,NaN,NaN,NaN,NaN,NaN,NaN,NaN,NaN,NaN,NaN,NaN,NaN,NaN,NaN,NaN,NaN,NaN,NaN,NaN,NaN,NaN,NaN,NaN,NaN,NaN,NaN,NaN
155,0.0087,0.0079,0.0072,0.0066,0.0061,0.0057,0.0054,0.0052,0.0051,0.005,0.0049,0.0047,0.0046,0.0044,0.0042,0.0041,0.0039,0.0037,0.0036,0.0034,0.0033,0.0031,0.003,0.0029,0.0028,0.0027,0.0026,0.0025,0.0025,0.0024,0.0023
156,0.039,0.0353,0.032,0.029,0.0264,0.0241,0.0222,0.0205,0.0189,0.0176,0.0164,0.0154,0.0145,0.0138,0.0132,0.0128,0.0124,0.0122,0.012,0.0119,0.0117,0.0116,0.0115,0.0113,0.0112,0.0112,0.0111,0.011,0.0109,0.0108,0.0107
157,0.1397,0.137,0.1341,0.1311,0.1279,0.1246,0.1213,0.1179,0.1144,0.1112,0.1081,0.1053,0.1028,0.1005,0.0985,0.0966,0.0948,0.093,0.0912,0.0893,0.0873,0.0851,0.0829,0.0806,0.0784,0.0761,0.0738,0.0716,0.0694,0.0673,0.0651
158,0.0355,0.0348,0.0341,0.0333,0.0324,0.0315,0.0305,0.0294,0.0284,0.0274,0.0264,0.0255,0.0246,0.0237,0.0229,0.022,0.0213,0.0206,0.0201,0.0197,0.0195,0.0195,0.0197,0.0201,0.0206,0.0212,0.0219,0.0226,0.023,0.0232,0.023
159,0.0304,0.0297,0.0291,0.0286,0.0283,0.028,0.0276,0.0273,0.0268,0.0263,0.0256,0.0248,0.024,0.0232,0.0224,0.0216,0.0209,0.0202,0.0195,0.019,0.0185,0.018,0.0177,0.0175,0.0173,0.0172,0.0171,0.0169,0.0165,0.0158,0.015
160,0.085,0.0834,0.0818,0.0804,0.079,0.0776,0.0763,0.0751,0.074,0.0728,0.0716,0.0704,0.0692,0.068,0.0667,0.0654,0.0641,0.0627,0.0613,0.0599,0.0584,0.057,0.0556,0.0543,0.0529,0.0515,0.05,0.0485,0.0471,0.0456,0.0442
161,0.0455,0.0438,0.0423,0.0408,0.0395,0.0383,0.0372,0.0363,0.0354,0.0346,0.0338,0.033,0.0322,0.0314,0.0307,0.0299,0.0291,0.0283,0.0274,0.0266,0.0259,0.0251,0.0244,0.0236,0.0229,0.0221,0.0215,0.0208,0.0201,0.0194,0.0187
162,0.0804,0.0761,0.0717,0.0671,0.0625,0.0579,0.0534,0.049,0.0449,0.0412,0.0379,0.0349,0.0323,0.0301,0.0281,0.0264,0.0248,0.0234,0.0222,0.0211,0.0201,0.0193,0.0185,0.0179,0.0174,0.017,0.0167,0.0165,0.0162,0.016,0.0157
163,0.0561,0.0528,0.0498,0.0473,0.045,0.0431,0.0414,0.04,0.0388,0.0378,0.0369,0.0361,0.0353,0.0345,0.0337,0.0329,0.0321,0.0314,0.0308,0.0302,0.0296,0.0291,0.0287,0.0283,0.0281,0.0279,0.0279,0.0279,0.028,0.028,0.028
164,0.0174,0.0169,0.0165,0.016,0.0153,0.0144,0.0132,0.012,0.0109,0.01,0.0093,0.0088,0.0084,0.0081,0.0078,0.0076,0.0073,0.007,0.0067,0.0063,0.006,0.0057,0.0054,0.0052,0.005,0.0049,0.0048,0.0046,0.0045,0.0044,0.0044
165,0.0147,0.0136,0.0124,0.0114,0.0105,0.0098,0.0091,0.0086,0.0082,0.0077,0.0072,0.0066,0.006,0.0055,0.005,0.0047,0.0044,0.0042,0.004,0.0039,0.0038,0.0037,0.0037,0.0037,0.0037,0.0036,0.0036,0.0036,0.0035,0.0035,0.0034
166,NaN,NaN,NaN,NaN,NaN,NaN,NaN,NaN,NaN,NaN,NaN,NaN,NaN,NaN,NaN,NaN,NaN,NaN,NaN,NaN,NaN,NaN,NaN,NaN,NaN,NaN,NaN,NaN,NaN,NaN,NaN
167,0.0208,0.0194,0.0182,0.0171,0.0161,0.0153,0.0146,0.014,0.0135,0.013,0.0125,0.012,0.0116,0.0112,0.0108,0.0104,0.0101,0.0099,0.0096,0.0094,0.0091,0.0089,0.0087,0.0084,0.0081,0.0077,0.0074,0.007,0.0066,0.0062,0.0059
168,0.0157,0.0144,0.0133,0.0123,0.0113,0.0105,0.0097,0.0091,0.0085,0.008,0.0075,0.0072,0.0068,0.0064,0.006,0.0056,0.0052,0.0048,0.0045,0.0043,0.0041,0.004,0.0038,0.0037,0.0036,0.0035,0.0034,0.0033,0.0032,0.0031,0.003
169,0.0334,0.0337,0.0347,0.0361,0.0374,0.0384,0.0387,0.0381,0.0366,0.0343,0.0315,0.0286,0.0258,0.0234,0.0215,0.02,0.019,0.0183,0.0177,0.0173,0.017,0.0168,0.0165,0.0162,0.0159,0.0156,0.0154,0.0151,0.0149,0.0147,0.0145
170,NaN,NaN,NaN,NaN,NaN,NaN,NaN,NaN,NaN,NaN,NaN,NaN,NaN,NaN,NaN,NaN,NaN,NaN,NaN,NaN,NaN,NaN,NaN,NaN,NaN,NaN,NaN,NaN,NaN,NaN,NaN
171,0.031,0.0292,0.0285,0.0282,0.0278,0.0272,0.0265,0.0257,0.0246,0.023,0.0215,0.0205,0.0202,0.02,0.0193,0.0181,0.0167,0.0152,0.0139,0.013,0.0124,0.0118,0.0112,0.0106,0.0099,0.0092,0.0085,0.0079,0.0073,0.0068,0.0065
172,0.0216,0.0216,0.0217,0.022,0.0221,0.022,0.0217,0.0213,0.0208,0.0202,0.0194,0.0184,0.0173,0.0161,0.015,0.0139,0.0128,0.012,0.0113,0.0107,0.0104,0.0102,0.0099,0.0095,0.0089,0.0083,0.0075,0.0069,0.0063,0.0058,0.0054
173,0.1521,0.1613,0.1742,0.1898,0.3855,0.2209,0.2249,0.2208,0.2128,0.2007,0.185,0.1673,0.1497,0.1335,0.1186,0.1054,0.094,0.0845,0.0763,0.0696,0.0638,0.0585,0.0549,0.052,0.0496,0.0477,0.0461,0.0447,0.0434,0.042,0.0405
174,NaN,NaN,NaN,NaN,NaN,NaN,NaN,NaN,NaN,NaN,NaN,NaN,NaN,NaN,NaN,NaN,NaN,NaN,NaN,NaN,NaN,NaN,NaN,NaN,NaN,NaN,NaN,NaN,NaN,NaN,NaN
175,NaN,NaN,NaN,NaN,NaN,NaN,NaN,NaN,NaN,NaN,NaN,NaN,NaN,NaN,NaN,NaN,NaN,NaN,NaN,NaN,NaN,NaN,NaN,NaN,NaN,NaN,NaN,NaN,NaN,NaN,NaN
176,0.0304,0.0298,0.0293,0.0289,0.0284,0.028,0.0274,0.0267,0.0259,0.0249,0.0239,0.0228,0.0217,0.0208,0.02,0.0193,0.0188,0.0185,0.0183,0.0182,0.0182,0.0183,0.0184,0.0184,0.0184,0.0182,0.018,0.0176,0.0172,0.0168,0.0164
177,0.0206,0.0202,0.0198,0.0195,0.0192,0.019,0.0188,0.0186,0.0185,0.0183,0.0182,0.0182,0.0181,0.0181,0.0181,0.018,0.018,0.018,0.018,0.018,0.018,0.0179,0.0179,0.0179,0.0178,0.0178,0.0177,0.0177,0.0176,0.0176,0.0175
178,NaN,NaN,NaN,NaN,NaN,NaN,NaN,NaN,NaN,NaN,NaN,NaN,NaN,NaN,NaN,NaN,NaN,NaN,NaN,NaN,NaN,NaN,NaN,NaN,NaN,NaN,NaN,NaN,NaN,NaN,NaN
179,0.0238,0.0231,0.0226,0.0224,0.0223,0.0223,0.0223,0.0224,0.0225,0.0225,0.0225,0.0224,0.0224,0.0224,0.0224,0.0224,0.0224,0.0223,0.0221,0.0216,0.021,0.0203,0.0194,0.0185,0.0175,0.0165,0.0155,0.0146,0.0137,0.0128,0.0121
180,0.0298,0.0289,0.028,0.027,0.0261,0.0253,0.0244,0.0236,0.0228,0.022,0.0212,0.0205,0.02,0.0196,0.0194,0.0192,0.0192,0.0192,0.0193,0.0254,0.0193,0.0192,0.0191,0.0189,0.0187,0.0185,0.0184,0.0181,0.0178,0.0203,0.0171
181,0.0127,0.0116,0.0106,0.0097,0.0088,0.0081,0.0074,0.0068,0.0062,0.0057,0.0052,0.0048,0.0045,0.0041,0.0039,0.0036,0.0034,0.0031,0.003,0.0028,0.0026,0.0025,0.0024,0.0022,0.0021,0.002,0.0019,0.0018,0.0017,0.0016,0.0016
182,0.1085,0.1092,0.1093,0.1086,0.107,0.1045,0.1012,0.0972,0.0925,0.0874,0.082,0.0765,0.071,0.0656,0.0604,0.0556,0.051,0.0468,0.0429,0.0394,0.0362,0.0331,0.0303,0.0277,0.0253,0.0231,0.0211,0.0194,0.018,0.0169,0.0159
183,0.0443,0.0409,0.0379,0.0352,0.0328,0.0305,0.0285,0.0266,0.025,0.0234,0.0221,0.0208,0.0196,0.0185,0.0175,0.0165,0.0156,0.0147,0.0138,0.013,0.0122,0.0115,0.0108,0.0102,0.0096,0.0091,0.0086,0.0081,0.0077,0.0073,0.007
184,0.1385,0.1365,0.136,0.1364,0.1374,0.1384,0.139,0.1388,0.1374,0.1344,0.1296,0.1228,0.115,0.1069,0.099,0.0916,0.0851,0.0794,0.0744,0.0701,0.0663,0.0628,0.0596,0.0566,0.0537,0.0509,0.0483,0.0459,0.0437,0.0418,0.04
185,0.0279,0.0255,0.0243,0.0233,0.0217,0.0196,0.0174,0.0154,0.014,0.0132,0.0127,0.0122,0.0114,0.0106,0.0097,0.0089,0.0084,0.0081,0.008,0.0078,0.0076,0.0074,0.0071,0.0069,0.0066,0.0063,0.0061,0.0059,0.0058,0.0057,0.0055
186,0.0163,0.0158,0.0153,0.0149,0.0146,0.0144,0.0142,0.014,0.0139,0.0138,0.0138,0.0138,0.0137,0.0138,0.0138,0.0138,0.0139,0.0139,0.014,0.014,0.0141,0.0142,0.0143,0.0144,0.0145,0.0146,0.0146,0.0147,0.0148,0.0148,0.0148
187,0.2602,0.2582,0.2561,0.2537,0.251,0.2478,0.2442,0.24,0.2354,0.2305,0.2253,0.2199,0.2142,0.2084,0.2023,0.196,0.1893,0.1824,0.1752,0.1681,0.1609,0.1541,0.1476,0.1416,0.1396,0.1405,0.1257,0.121,0.1166,0.1122,0.1082
188,0.0077,0.007,0.0063,0.0058,0.0054,0.0051,0.0048,0.0046,0.0044,0.0041,0.0038,0.0036,0.0034,0.0032,0.0031,0.003,0.0029,0.0029,0.0028,0.0028,0.0028,0.0028,0.0028,0.0028,0.0027,0.0027,0.0027,0.0026,0.0025,0.0024,0.0023
189,NaN,NaN,NaN,NaN,NaN,NaN,NaN,NaN,NaN,NaN,NaN,NaN,NaN,NaN,NaN,NaN,NaN,NaN,NaN,NaN,NaN,NaN,NaN,NaN,NaN,NaN,NaN,NaN,NaN,NaN,NaN
190,0.0147,0.0142,0.0137,0.0131,0.0125,0.012,0.0115,0.0109,0.0105,0.01,0.0096,0.0093,0.0091,0.0088,0.0086,0.0083,0.008,0.0077,0.0074,0.0071,0.0069,0.0067,0.0066,0.0064,0.0063,0.0062,0.0061,0.006,0.006,0.0059,0.0059
191,0.0104,0.0097,0.009,0.0084,0.0079,0.0073,0.0069,0.0065,0.0061,0.0058,0.0054,0.0052,0.0049,0.0047,0.0044,0.0042,0.004,0.0038,0.0036,0.0034,0.0032,0.0031,0.0029,0.0028,0.0027,0.0026,0.0026,0.0025,0.0024,0.0024,0.0024
192,0.0381,0.0371,0.0362,0.0352,0.0343,0.0335,0.0329,0.0323,0.0317,0.0313,0.0308,0.0305,0.0302,0.0299,0.0296,0.0293,0.0289,0.0284,0.0278,0.0272,0.0265,0.0257,0.025,0.0243,0.0236,0.0228,0.0222,0.0215,0.0208,0.0201,0.0195
193,0.1791,0.1756,0.1732,0.1721,0.1719,0.1719,0.1719,0.1719,0.1719,0.1719,0.1719,0.1719,0.1719,0.1719,0.1719,0.1718,0.1712,0.1693,0.1659,0.1611,0.1561,0.1512,0.1462,0.1413,0.137,0.1326,0.1285,0.1242,0.1202,0.1165,0.1129
194,0.0623,0.061,0.0602,0.06,0.0604,0.0613,0.0627,0.0646,0.0666,0.0686,0.071,0.0732,0.0751,0.0763,0.0775,0.079,0.0787,0.0745,0.0679,0.06,0.0516,0.0455,0.0417,0.0398,0.0386,0.0378,0.0372,0.0366,0.0361,0.0356,0.0353
195,0.2519,0.2468,0.2411,0.2351,0.2285,0.2217,0.2145,0.2069,0.1988,0.1904,0.1818,0.1727,0.164,0.1558,0.1479,0.1404,0.1333,0.1267,0.1205,0.1147,0.1092,0.1043,0.101,0.0992,0.0988,0.0988,0.0988,0.0988,0.0988,0.0988,0.0988
196,0.0092,0.0088,0.0083,0.0079,0.0074,0.0069,0.0065,0.0061,0.0058,0.0056,0.0054,0.0053,0.0051,0.005,0.0049,0.0047,0.0045,0.0044,0.0042,0.004,0.0038,0.0037,0.0036,0.0035,0.0034,0.0033,0.0033,0.0032,0.0032,0.0032,0.0031
197,0.0223,0.022,0.0217,0.0213,0.0209,0.0204,0.0198,0.0191,0.0184,0.0175,0.0167,0.0161,0.0156,0.0151,0.0287,0.0141,0.0133,0.0126,0.012,0.0208,0.0112,0.0108,0.0104,0.0099,0.0093,0.0088,0.0083,0.0079,0.0076,0.0073,0.007
198,0.0449,0.0428,0.0409,0.0392,0.0377,0.0363,0.0349,0.0336,0.0325,0.0314,0.0304,0.0295,0.0286,0.0277,0.0269,0.0261,0.0253,0.0245,0.0236,0.0228,0.0221,0.0213,0.0205,0.0198,0.0213,0.0184,0.0177,0.0171,0.0165,0.0159,0.0153
199,0.1317,0.1295,0.1271,0.1246,0.122,0.1193,0.1164,0.1134,0.1102,0.1069,0.1034,0.1,0.0965,0.0932,0.09,0.087,0.0842,0.0815,0.079,0.0767,0.0744,0.0724,0.0704,0.0685,0.0666,0.0647,0.0627,0.0608,0.059,0.0571,0.0553
200,0.045,0.0435,0.0419,0.0404,0.0389,0.0374,0.0361,0.0347,0.0335,0.0322,0.0311,0.03,0.0291,0.0281,0.0273,0.0265,0.0257,0.025,0.0244,0.0238,0.0232,0.0226,0.022,0.0215,0.021,0.0205,0.02,0.0194,0.0188,0.0183,0.0177
201,0.007,0.0066,0.0062,0.0057,0.0052,0.0048,0.0045,0.0043,0.0042,0.0041,0.0041,0.0041,0.004,0.0039,0.0037,0.0036,0.0034,0.0033,0.0032,0.0031,0.0031,0.003,0.003,0.0029,0.0029,0.0029,0.0028,0.0028,0.0027,0.0026,0.0026
202,0.0082,0.0078,0.0075,0.0071,0.0067,0.0064,0.0061,0.006,0.0058,0.0057,0.0056,0.0055,0.0054,0.0053,0.0052,0.0051,0.0049,0.0048,0.0047,0.0046,0.0046,0.0045,0.0044,0.0044,0.0043,0.0043,0.0042,0.0041,0.0041,0.004,0.004
203,0.0368,0.0353,0.0338,0.0323,0.0308,0.0293,0.0279,0.0265,0.0253,0.0241,0.0231,0.0222,0.0214,0.0208,0.0202,0.0198,0.0194,0.0192,0.019,0.019,0.019,0.0239,0.044,0.0486,0.0457,0.0439,0.0347,0.0374,0.0405,0.027,0.0227
204,0.1022,0.1051,0.1094,0.1128,0.1135,0.1115,0.1076,0.1022,0.0962,0.0898,0.0834,0.077,0.0709,0.0653,0.0602,0.0557,0.052,0.0489,0.0464,0.0444,0.0429,0.0416,0.0404,0.0395,0.0385,0.0376,0.0366,0.0356,0.0345,0.0335,0.0324
205,0.0371,0.0351,0.0331,0.0313,0.0296,0.0281,0.0266,0.0251,0.0238,0.0225,0.0213,0.0201,0.0191,0.0181,0.0171,0.0162,0.0153,0.0145,0.0138,0.0131,0.0125,0.012,0.0115,0.0111,0.0107,0.0103,0.01,0.0096,0.0093,0.009,0.0087
206,0.1767,0.169,0.1616,0.1546,0.1477,0.141,0.1347,0.1286,0.1227,0.1171,0.1117,0.1065,0.1014,0.0966,0.092,0.0878,0.0837,0.0801,0.0769,0.074,0.0715,0.0692,0.0672,0.0653,0.0634,0.0616,0.0596,0.0577,0.0559,0.0539,0.0521
207,0.1473,0.1453,0.1433,0.1412,0.1389,0.1362,0.1333,0.1302,0.1268,0.1234,0.1198,0.1162,0.1128,0.1094,0.1062,0.1031,0.1001,0.0972,0.0944,0.0916,0.0889,0.0862,0.0835,0.0808,0.0782,0.0758,0.0734,0.071,0.0688,0.0665,0.0644
208,NaN,NaN,NaN,NaN,NaN,NaN,NaN,NaN,NaN,NaN,NaN,NaN,NaN,NaN,NaN,NaN,NaN,NaN,NaN,NaN,NaN,NaN,NaN,NaN,NaN,NaN,NaN,NaN,NaN,NaN,NaN
209,0.0222,0.0214,0.0206,0.02,0.0194,0.0189,0.0185,0.0181,0.0177,0.0173,0.0169,0.0164,0.016,0.0155,0.0151,0.0147,0.0143,0.014,0.0137,0.0134,0.0132,0.013,0.0128,0.0127,0.0125,0.0124,0.0123,0.0122,0.012,0.0118,0.0115
210,0.0301,0.0297,0.0292,0.0289,0.0286,0.0284,0.0282,0.028,0.0279,0.0278,0.0277,0.0275,0.0273,0.0268,0.0263,0.0257,0.0252,0.0245,0.0237,0.023,0.0223,0.0216,0.021,0.0204,0.0198,0.0193,0.0187,0.0181,0.0176,0.017,0.0165
211,0.055,0.0526,0.0501,0.0476,0.0449,0.0422,0.0394,0.0367,0.034,0.0316,0.0294,0.0274,0.0257,0.0241,0.0228,0.0217,0.0208,0.0201,0.0196,0.0191,0.0189,0.0186,0.0184,0.0182,0.018,0.0176,0.0171,0.0163,0.0154,0.0144,0.0133
212,0.0741,0.0698,0.0655,0.0614,0.0575,0.0537,0.0502,0.0468,0.0435,0.0405,0.0376,0.0349,0.0323,0.03,0.0278,0.0257,0.0239,0.0221,0.0206,0.0192,0.0179,0.0168,0.0158,0.0149,0.014,0.0133,0.0127,0.012,0.0115,0.011,0.0105
213,0.0789,0.0781,0.0781,0.0785,0.0789,0.0791,0.0787,0.0776,0.0755,0.0727,0.0692,0.0655,0.0618,0.0583,0.055,0.052,0.0493,0.0472,0.0454,0.0441,0.0432,0.0425,0.0421,0.042,0.0422,0.0425,0.0429,0.0432,0.0432,0.0428,0.0422
214,0.0186,0.0175,0.0165,0.0155,0.0147,0.0138,0.0131,0.0124,0.0118,0.0112,0.0107,0.0102,0.0098,0.0093,0.009,0.0087,0.0084,0.0082,0.0079,0.0077,0.0076,0.0074,0.0073,0.0071,0.007,0.0069,0.0068,0.0067,0.0066,0.0064,0.0063
215,0.0536,0.053,0.0522,0.0514,0.0504,0.0493,0.048,0.0466,0.0452,0.0438,0.0425,0.0415,0.0406,0.0398,0.0389,0.0379,0.0368,0.0355,0.0341,0.0327,0.0313,0.0301,0.0289,0.0278,0.0268,0.0259,0.0251,0.0242,0.0233,0.0225,0.0217
216,0.1825,0.1784,0.1743,0.1705,0.1673,0.1649,0.1628,0.16,0.1564,0.1517,0.1458,0.139,0.1313,0.1232,0.115,0.1071,0.0997,0.093,0.0869,0.0815,0.0762,0.0714,0.0666,0.0623,0.0589,0.0558,0.0526,0.05,0.0477,0.0455,0.0436
217,0.0193,0.0193,0.0195,0.0197,0.0201,0.0203,0.0203,0.0202,0.0198,0.0191,0.0184,0.0175,0.0167,0.0159,0.0151,0.0145,0.0139,0.0134,0.0129,0.0123,0.0117,0.0112,0.0106,0.0102,0.0098,0.0094,0.0092,0.0089,0.0087,0.0085,0.0084
218,0.0152,0.0144,0.0137,0.0131,0.0126,0.0122,0.0118,0.0115,0.0112,0.0109,0.0107,0.0105,0.0103,0.0102,0.01,0.0098,0.0096,0.0094,0.0092,0.009,0.0088,0.0086,0.0084,0.0082,0.0079,0.0076,0.0073,0.007,0.0067,0.0063,0.0059
219,0.0093,0.0087,0.0082,0.0077,0.0074,0.0072,0.007,0.0069,0.0068,0.0067,0.0065,0.0064,0.0063,0.0062,0.0061,0.006,0.0059,0.0058,0.0056,0.0054,0.0052,0.005,0.0048,0.0046,0.0045,0.0045,0.0044,0.0044,0.0044,0.0043,0.0043
220,0.1673,0.1652,0.1634,0.1616,0.1593,0.1564,0.1529,0.1486,0.1431,0.1365,0.129,0.121,0.1131,0.1056,0.0988,0.0925,0.087,0.0816,0.0771,0.0725,0.0689,0.0653,0.0622,0.0594,0.0567,0.0547,0.0524,0.0502,0.0479,0.046,0.0442
221,0.0112,0.0109,0.0105,0.0101,0.0098,0.0095,0.0092,0.009,0.0088,0.0086,0.0085,0.0083,0.0082,0.0081,0.0081,0.008,0.0079,0.0077,0.0076,0.0075,0.0073,0.0072,0.0071,0.007,0.0069,0.0068,0.0067,0.0066,0.0065,0.0065,0.0064
222,NaN,NaN,NaN,NaN,NaN,NaN,NaN,NaN,NaN,NaN,NaN,NaN,NaN,NaN,NaN,NaN,NaN,NaN,NaN,NaN,NaN,NaN,NaN,NaN,NaN,NaN,NaN,NaN,NaN,NaN,NaN
223,0.0236,0.0232,0.0228,0.0224,0.0219,0.0212,0.0203,0.0193,0.0184,0.0176,0.017,0.0165,0.0162,0.0158,0.0152,0.0144,0.0136,0.0127,0.0119,0.0113,0.0108,0.0103,0.01,0.0097,0.0093,0.0089,0.0085,0.008,0.0077,0.0073,0.007
224,0.0705,0.0701,0.07,0.0699,0.0697,0.0691,0.0683,0.0672,0.0658,0.0639,0.0615,0.0588,0.0558,0.0526,0.0493,0.0459,0.0425,0.0393,0.0361,0.0331,0.0303,0.0277,0.0254,0.0233,0.0215,0.0199,0.0185,0.0173,0.0164,0.0155,0.0147
225,0.0369,0.0354,0.0342,0.0331,0.0322,0.0315,0.0308,0.0303,0.0298,0.0294,0.0289,0.0285,0.0282,0.0279,0.0275,0.0272,0.0267,0.0261,0.0254,0.0246,0.0238,0.023,0.0223,0.0218,0.0213,0.021,0.0208,0.0204,0.02,0.0197,0.0192
226,0.0296,0.0286,0.0278,0.0272,0.0268,0.0263,0.0255,0.0245,0.0234,0.0224,0.0215,0.0208,0.0203,0.0198,0.0192,0.0185,0.0179,0.0174,0.0171,0.017,0.0171,0.0172,0.0174,0.0178,0.0182,0.0191,0.0242,0.0242,0.0242,0.0242,0.0242
227,0.0516,0.0491,0.0465,0.0439,0.0415,0.0392,0.037,0.0349,0.0331,0.0314,0.03,0.0287,0.0276,0.0266,0.0258,0.0251,0.0245,0.024,0.0236,0.0233,0.0231,0.0228,0.0226,0.0223,0.0221,0.0219,0.0217,0.0215,0.0213,0.0211,0.0209
228,NaN,NaN,NaN,NaN,NaN,NaN,NaN,NaN,NaN,NaN,NaN,NaN,NaN,NaN,NaN,NaN,NaN,NaN,NaN,NaN,NaN,NaN,NaN,NaN,NaN,NaN,NaN,NaN,NaN,NaN,NaN
229,NaN,NaN,NaN,NaN,NaN,NaN,NaN,NaN,NaN,NaN,NaN,NaN,NaN,NaN,NaN,NaN,NaN,NaN,NaN,NaN,NaN,NaN,NaN,NaN,NaN,NaN,NaN,NaN,NaN,NaN,NaN
230,0.1254,0.1217,0.1185,0.1156,0.1131,0.1108,0.1083,0.1055,0.102,0.098,0.0935,0.0887,0.084,0.0794,0.075,0.0708,0.067,0.0635,0.0603,0.0575,0.0551,0.0531,0.0516,0.0497,0.0486,0.0493,0.0479,0.0468,0.0472,0.0462,0.0435
231,0.183,0.1838,0.1837,0.1823,0.1794,0.1759,0.1727,0.1696,0.1664,0.1623,0.1563,0.1476,0.1371,0.1266,0.1163,0.107,0.099,0.0933,0.0883,0.0831,0.0785,0.0763,0.0743,0.0716,0.0692,0.068,0.0651,0.0638,0.064,0.0623,0.0593
232,0.0804,0.0842,0.0882,0.0919,0.0957,0.0988,0.1001,0.1002,0.099,0.0968,0.0945,0.0925,0.0912,0.0903,0.0905,0.0914,0.0936,0.0945,0.0933,0.0902,0.0854,0.08,0.0717,0.0659,0.0623,0.0602,0.0575,0.0558,0.0534,0.0524,0.0514